"Sum Acidity","fixed.acidity","volatile.acidity","citric.acid","residual.sugar","chlorides","free.sulfur.dioxide","total.sulfur.dioxide","density","sulphates","alcohol","quality"
0.2649351007541514,1.4633737547102945,-1.1984386539561431,0.56,1.9,0.075,17.0,60.0,0.998,0.58,9.8,6.0
0.4552674403278497,-0.6302546766972096,1.0855221170250593,0.0,1.2,0.065,15.0,21.0,0.9946,0.47,10.0,7.0
0.2915806553885008,-0.361840775234709,0.6534214306232098,0.02,2.0,0.073,9.0,18.0,0.9968,0.57,9.5,7.0
-1.1844999671433512,0.013938686812791881,-1.1984386539561431,0.56,1.8,0.092,35.0,103.0,0.9969,0.75,10.5,7.0
-1.259681970954438,-0.3081579949422086,-0.9515239760122295,0.51,1.8,0.341,17.0,56.0,0.9969,1.08,9.2,6.0
-1.3401408628892217,0.22866980798279252,-1.5688106708720142,0.48,1.8,0.077,29.0,60.0,0.9968,0.53,9.4,6.0
-1.3026804179916116,-0.8449857978672097,-0.45769462012440176,0.14,2.4,0.085,21.0,40.0,0.9968,0.63,9.7,6.0
0.6928170070473609,-0.361840775234709,1.05465778228207,0.0,2.0,0.082,8.0,16.0,0.9964,0.59,9.8,6.0
0.45658666235877443,-0.8449857978672097,1.3015724602259842,0.0,2.5,0.105,22.0,37.0,0.9966,0.57,10.6,6.0
-0.03724269352905363,-0.8449857978672097,0.8077431043381561,0.12,10.7,0.073,40.0,83.0,0.9993,0.52,9.4,6.0
0.6928170070473609,-0.361840775234709,1.05465778228207,0.0,5.5,0.086,5.0,18.0,0.9986,0.55,9.6,6.0
0.4150379943604578,-0.361840775234709,0.7768787695951668,0.14,2.4,0.086,3.0,15.0,0.9975,0.6,10.8,6.0
-0.7819443934535675,-0.20079243435720875,-0.5811519590963588,0.28,2.1,0.066,13.0,30.0,0.9968,0.73,9.7,7.0
-0.4250257108628052,-0.5228891161122092,0.09786340524940403,0.2,2.6,0.332,8.0,14.0,0.9968,0.9,10.5,6.0
-0.722984725037371,-1.0060341387447105,0.2830494137073395,0.04,2.2,0.069,8.0,15.0,0.9956,0.63,9.4,6.0
-0.846442064009328,-1.0060341387447105,0.1595920747353825,0.04,2.1,0.068,6.0,14.0,0.9955,0.64,9.4,6.0
-0.24788559159834825,-0.4692063358197093,0.22132074422136103,0.15,2.8,0.11,33.0,73.0,0.9955,0.63,10.2,6.0
-1.14967796630759,-0.6302546766972096,-0.5194232896103803,0.31,2.4,0.074,9.0,46.0,0.9962,0.54,9.4,6.0
-0.23983970240486974,-0.5228891161122092,0.2830494137073395,0.16,1.9,0.085,12.0,35.0,0.9968,0.62,9.5,7.0
1.1705545845482317,-0.2544752146497087,1.4250297991979404,0.05,1.9,0.074,8.0,19.0,0.9962,0.95,10.5,6.0
0.5465412225258934,-0.4155235555272089,0.9620647780531023,0.08,1.9,0.076,15.0,27.0,0.9967,0.54,9.5,6.0
1.0201905769260582,-0.8986685781597101,1.9188591550857683,0.0,2.4,0.104,14.0,30.0,0.9966,0.55,10.7,6.0
-2.242063794606397,-1.1670824796222106,-1.0749813149841865,0.48,1.8,0.069,18.0,61.0,0.9959,0.78,10.3,6.0
0.16548487235469583,0.0676214671052918,0.09786340524940403,0.28,1.9,0.11,20.0,136.0,0.9972,1.95,9.9,6.0
0.16548487235469583,0.0676214671052918,0.09786340524940403,0.28,1.9,0.11,20.0,136.0,0.9972,1.95,9.9,6.0
-1.2491281947070454,-2.026006964302212,0.7768787695951668,0.17,2.3,0.058,17.0,106.0,0.9932,0.6,12.9,6.0
0.236578653065077,-0.20079243435720875,0.43737108742228575,0.18,1.9,0.08,13.0,35.0,0.9972,0.59,9.0,6.0
0.7451805653089374,-0.09342687377220796,0.8386074390811453,0.3,2.1,0.084,11.0,50.0,0.9972,0.61,10.2,6.0
-0.20224870049932647,-0.361840775234709,0.1595920747353825,0.3,1.9,0.075,8.0,22.0,0.9959,0.56,10.4,6.0
0.236578653065077,-0.20079243435720875,0.43737108742228575,0.18,1.9,0.08,13.0,35.0,0.9972,0.59,9.0,6.0
-1.1442705211759596,-0.2544752146497087,-0.8897953065262509,0.53,2.5,0.091,18.0,80.0,0.9976,0.8,9.6,6.0
-0.14038947400541457,0.8728631714927935,-1.013252645498208,0.44,2.3,0.08,22.0,46.0,0.9988,0.67,9.7,6.0
0.0393890893208913,0.49708370944529306,-0.45769462012440176,0.31,2.2,0.09,13.0,62.0,0.9966,0.63,10.5,6.0
0.31307987890708855,-0.09342687377220796,0.40650675267929653,0.28,1.9,0.077,11.0,40.0,0.9978,0.61,10.0,6.0
0.1681233164165445,-0.361840775234709,0.5299640916512535,0.12,2.0,0.082,7.0,28.0,0.997,0.5,9.4,6.0
0.6432224498555676,0.1749870276902926,0.46823542216527503,0.04,2.2,0.119,14.0,56.0,0.9962,0.6,10.9,6.0
0.5411337773942628,-0.7913030175747098,1.3324367949689726,0.08,1.8,0.097,22.0,89.0,0.9959,0.54,9.2,6.0
0.6432224498555676,0.1749870276902926,0.46823542216527503,0.04,2.2,0.119,14.0,56.0,0.9962,0.6,10.9,6.0
0.46067488545947965,-0.2544752146497087,0.7151501001091883,0.16,1.8,0.065,3.0,16.0,0.9962,0.92,10.5,7.0
-0.846442064009328,-1.0060341387447105,0.1595920747353825,0.01,1.5,0.06,17.0,26.0,0.9952,0.58,9.8,6.0
3.18478223203601,-0.3081579949422086,3.492940226978219,0.05,2.2,0.084,13.0,29.0,0.9959,0.55,9.9,6.0
-2.585659699879984,-1.7575930628397116,-0.8280666370402724,0.0,1.8,0.05,27.0,63.0,0.9916,0.79,14.0,6.0
-2.585659699879984,-1.7575930628397116,-0.8280666370402724,0.0,1.8,0.05,27.0,63.0,0.9916,0.79,14.0,6.0
-0.7471223926178057,-0.8449857978672097,0.09786340524940403,0.1,2.3,0.074,12.0,30.0,0.9959,0.58,10.2,6.0
-0.6048042741891106,-0.14710965406470883,-0.45769462012440176,0.44,2.8,0.089,11.0,43.0,0.9975,0.61,10.5,6.0
-1.5200499832234606,-0.6302546766972096,-0.8897953065262509,0.47,2.1,0.077,5.0,11.0,0.9958,0.53,10.3,6.0
-0.12178980856454336,-0.8986685781597101,0.7768787695951668,0.18,1.9,0.079,18.0,86.0,0.9968,0.57,9.3,6.0
-0.017062692041390937,-0.361840775234709,0.34477808319331804,0.04,1.7,0.076,17.0,31.0,0.9964,0.56,10.0,6.0
0.06339619989339218,-0.8986685781597101,0.9620647780531023,0.07,2.1,0.089,11.0,44.0,0.9953,0.55,10.4,6.0
-0.5887124958021538,-0.2544752146497087,-0.3342372811524451,0.17,2.0,0.073,6.0,18.0,0.9972,0.61,9.2,6.0
-0.5887124958021538,-0.2544752146497087,-0.3342372811524451,0.17,2.0,0.073,6.0,18.0,0.9972,0.61,9.2,6.0
0.3237642121624147,-0.5765718964047092,0.9003361085671239,0.05,1.9,0.068,24.0,42.0,0.9961,0.57,11.5,6.0
-0.23983970240486974,-0.5228891161122092,0.2830494137073395,0.42,2.3,0.087,8.0,38.0,0.9972,0.61,10.5,6.0
-0.0520152498850861,-0.95235135845221,0.9003361085671239,0.21,1.9,0.079,8.0,62.0,0.997,0.58,9.3,6.0
-1.7562803279120476,-1.1133996993297102,-0.6428806285823373,0.25,1.9,0.074,21.0,49.0,0.9974,0.62,9.8,6.0
0.5494407806036088,1.6244220955877953,-1.0749813149841865,0.6,2.0,0.067,12.0,27.0,0.9981,0.97,10.1,6.0
0.5772750002609488,-1.6502275022547113,2.22750250251566,0.08,1.2,0.046,13.0,93.0,0.9924,0.85,13.0,7.0
-0.34707470598193657,0.6044492700302929,-0.9515239760122295,0.47,1.4,0.056,9.0,24.0,0.99695,0.82,10.3,7.0
-1.0638116292411763,-0.7913030175747098,-0.2725086116664666,0.36,1.6,0.089,14.0,37.0,0.99615,0.56,9.2,6.0
1.2473169244061104,2.322298239390297,-1.0749813149841865,0.74,2.6,0.095,9.0,28.0,0.9994,0.77,10.8,7.0
1.2473169244061104,2.322298239390297,-1.0749813149841865,0.74,2.6,0.095,9.0,28.0,0.9994,0.77,10.8,7.0
0.28102687914110813,1.3560081941252946,-1.0749813149841865,0.58,2.1,0.054,7.0,19.0,0.998,0.88,10.5,7.0
1.0029101335161108,0.6581320503227928,0.34477808319331804,0.6,2.0,0.039,5.0,19.0,0.99585,0.86,12.4,6.0
1.2940119235201888,-0.2544752146497087,1.5484871381698975,0.24,2.8,0.083,10.0,62.0,0.99685,0.56,10.0,6.0
1.4673249336998069,1.678104875880295,-0.21077994218048812,0.64,2.1,0.059,5.0,15.0,0.998,0.67,10.2,6.0
1.2483750324211669,-0.361840775234709,1.610215807655876,0.08,2.4,0.092,10.0,41.0,0.9974,0.71,9.8,6.0
-1.1899074122749813,-0.361840775234709,-0.8280666370402724,0.37,2.0,0.082,24.0,58.0,0.9964,0.59,9.4,6.0
1.1222792493873617,0.0676214671052918,1.05465778228207,0.25,2.0,0.083,8.0,28.0,0.99815,0.6,10.0,6.0
-0.6880321671936755,-0.4155235555272089,-0.2725086116664666,0.25,2.6,0.073,29.0,63.0,0.99615,0.58,10.5,6.0
0.9438199080919809,0.22866980798279252,0.7151501001091883,0.5,2.0,0.337,27.0,81.0,0.9964,1.61,9.5,6.0
-0.6880321671936755,-0.4155235555272089,-0.2725086116664666,0.25,2.6,0.073,29.0,63.0,0.99615,0.58,10.5,6.0
-1.7214583270762862,-1.7575930628397116,0.03613473576342552,0.04,1.6,0.054,19.0,106.0,0.9927,0.62,12.2,7.0
-0.8356271737460674,-0.2544752146497087,-0.5811519590963588,0.06,1.8,0.078,12.0,49.0,0.99625,0.52,9.9,6.0
-0.6289419417695454,0.013938686812791881,-0.6428806285823373,0.2,2.8,0.09,18.0,58.0,0.998,0.7,9.6,6.0
3.0989158949695956,-0.14710965406470883,3.2460255490343046,0.09,2.3,0.065,7.0,37.0,0.99685,0.55,9.0,6.0
0.2781273210633929,-0.6839374569897094,0.9620647780531023,0.0,1.9,0.097,14.0,38.0,0.99675,0.58,9.0,6.0
0.2781273210633929,-0.6839374569897094,0.9620647780531023,0.0,1.9,0.097,14.0,38.0,0.99675,0.58,9.0,6.0
0.37072032529236054,-0.6839374569897094,1.05465778228207,0.0,1.9,0.097,15.0,39.0,0.99675,0.58,9.2,6.0
0.2781273210633929,-0.6839374569897094,0.9620647780531023,0.0,1.9,0.097,14.0,38.0,0.99675,0.58,9.0,6.0
3.0989158949695956,-0.14710965406470883,3.2460255490343046,0.09,2.3,0.065,7.0,37.0,0.99685,0.55,9.0,6.0
1.311684037953937,1.8928359970502957,-0.5811519590963588,0.56,2.1,0.093,6.0,24.0,0.99925,0.71,10.9,6.0
0.2378978750960009,-0.4155235555272089,0.6534214306232098,0.1,1.8,0.102,28.0,109.0,0.99565,0.49,9.8,6.0
1.8727800654673064,3.503319405825299,-1.6305393403579926,0.44,2.2,0.075,10.0,24.0,1.00005,0.84,9.2,7.0
1.8727800654673064,3.503319405825299,-1.6305393403579926,0.44,2.2,0.075,10.0,24.0,1.00005,0.84,9.2,7.0
0.5169961098138282,-0.6302546766972096,1.1472507865110377,0.0,2.0,0.084,6.0,23.0,0.9983,0.96,9.9,6.0
-0.07074547233389084,-0.4155235555272089,0.34477808319331804,0.06,1.7,0.074,9.0,39.0,0.99615,0.48,9.8,6.0
0.5169961098138282,-0.6302546766972096,1.1472507865110377,0.0,2.0,0.084,6.0,23.0,0.9983,0.96,9.9,6.0
0.2971186575280652,1.2486426335402947,-0.9515239760122295,0.44,1.6,0.063,16.0,37.0,0.9985,0.78,10.0,6.0
0.03925853231295695,-0.7376202372822098,0.7768787695951668,0.0,1.8,0.074,16.0,34.0,0.9972,0.7,9.9,6.0
0.03925853231295695,-0.7376202372822098,0.7768787695951668,0.0,1.8,0.074,16.0,34.0,0.9972,0.7,9.9,6.0
-0.19407225429791453,0.8191803912002935,-1.013252645498208,0.47,2.6,0.085,14.0,33.0,0.99965,0.8,10.5,7.0
0.4635744435371958,1.7854704364652958,-1.3218959929281,0.52,1.8,0.071,6.0,10.0,0.9968,0.72,10.2,7.0
-1.074495962496503,-0.3081579949422086,-0.7663379675542943,0.46,3.6,0.078,15.0,37.0,0.9973,0.86,12.8,8.0
-0.4384790451879132,-0.8449857978672097,0.40650675267929653,0.04,3.0,0.077,7.0,27.0,0.9987,0.91,9.4,6.0
-0.19130325322813246,1.6244220955877953,-1.8157253488159277,0.51,4.0,0.104,4.0,23.0,0.9996,0.97,10.1,6.0
0.12921309248007717,-0.3081579949422086,0.43737108742228575,0.06,4.0,0.087,27.0,61.0,0.9965,0.67,10.7,6.0
-0.19130325322813246,1.6244220955877953,-1.8157253488159277,0.51,4.0,0.104,4.0,23.0,0.9996,0.97,10.1,6.0
0.12921309248007717,-0.3081579949422086,0.43737108742228575,0.06,4.0,0.087,27.0,61.0,0.9965,0.67,10.7,6.0
-0.4384790451879132,-0.8449857978672097,0.40650675267929653,0.04,3.0,0.077,7.0,27.0,0.9987,0.91,9.4,6.0
-0.19130325322813246,1.6244220955877953,-1.8157253488159277,0.51,4.0,0.104,4.0,23.0,0.9996,0.97,10.1,6.0
0.028704756065564774,0.9802287320777943,-0.9515239760122295,0.45,6.4,0.073,5.0,13.0,0.9976,0.82,12.6,8.0
-0.22902481214160925,0.22866980798279252,-0.45769462012440176,0.32,5.6,0.087,10.0,47.0,0.9991,0.77,10.5,7.0
0.2488433223671953,1.5707393152952953,-1.3218959929281,0.44,3.6,0.071,6.0,19.0,0.9986,0.82,9.3,6.0
-1.6756908789693306,-0.4155235555272089,-1.2601673234421216,0.68,3.5,0.358,5.0,10.0,0.9972,1.08,9.9,7.0
-0.22902481214160925,0.22866980798279252,-0.45769462012440176,0.32,5.6,0.087,10.0,47.0,0.9991,0.77,10.5,7.0
1.743784724355786,1.8928359970502957,-0.14905127269450963,0.55,2.0,0.073,25.0,49.0,0.9997,0.76,10.3,6.0
-0.980583736236611,-0.5228891161122092,-0.45769462012440176,0.12,3.0,0.092,29.0,53.0,0.9967,0.7,10.3,6.0
0.4043536611051312,0.12130424739779172,0.2830494137073395,0.09,2.5,0.091,20.0,49.0,0.9976,0.86,10.6,7.0
0.4043536611051312,0.12130424739779172,0.2830494137073395,0.09,2.5,0.091,20.0,49.0,0.9976,0.86,10.6,7.0
1.5021469345355691,1.0339115123702942,0.46823542216527503,0.23,2.7,0.091,18.0,48.0,0.9994,0.64,10.3,6.0
-1.5495950959355254,-0.8449857978672097,-0.7046092980683157,0.25,2.4,0.098,5.0,16.0,0.9964,0.6,10.1,6.0
1.762645503812525,2.5907121408527973,-0.8280666370402724,0.52,3.2,0.094,17.0,53.0,1.0014,0.81,9.5,6.0
-0.1781110329188912,-0.5228891161122092,0.34477808319331804,0.06,2.6,0.086,20.0,44.0,0.9965,0.59,10.7,6.0
-0.40603437439813317,1.4096909744177946,-1.8157253488159277,0.48,1.5,0.068,7.0,15.0,0.9973,0.64,10.1,6.0
1.3250068152711123,0.9802287320777943,0.34477808319331804,0.48,2.5,0.063,6.0,25.0,0.9998,0.59,9.3,6.0
0.5842627814393706,0.9802287320777943,-0.39596595063842366,0.42,2.4,0.213,6.0,14.0,0.9994,0.62,9.5,6.0
0.7077201204113277,0.9802287320777943,-0.2725086116664666,0.44,2.4,0.214,5.0,12.0,0.9994,0.63,9.5,6.0
-1.7132818808748742,-0.5765718964047092,-1.136709984470165,0.38,1.7,0.062,9.0,30.0,0.9968,0.53,9.5,6.0
1.3250068152711123,0.9802287320777943,0.34477808319331804,0.48,2.5,0.063,6.0,25.0,0.9998,0.59,9.3,6.0
0.03662008825110946,-0.3081579949422086,0.34477808319331804,0.24,2.0,0.072,15.0,105.0,0.996,0.54,9.4,6.0
0.19502998506676128,0.2823525882752924,-0.08732260320853114,0.31,2.8,0.093,19.0,98.0,0.99815,0.63,9.5,6.0
-1.503958204836504,-0.7376202372822098,-0.7663379675542943,0.29,2.5,0.096,20.0,53.0,0.9962,0.65,11.0,6.0
2.4307154208870934,0.6044492700302929,1.8262661508568006,0.12,2.9,0.082,30.0,74.0,0.99865,0.64,10.4,6.0
1.8590656171263316,0.7118148306152937,1.1472507865110377,0.39,3.2,0.083,21.0,59.0,0.9989,0.71,11.5,7.0
2.4307154208870934,0.6044492700302929,1.8262661508568006,0.12,2.9,0.082,30.0,74.0,0.99865,0.64,10.4,6.0
1.8590656171263316,0.7118148306152937,1.1472507865110377,0.39,3.2,0.083,21.0,59.0,0.9989,0.71,11.5,7.0
1.6953788321869827,0.9802287320777943,0.7151501001091883,0.42,2.8,0.09,35.0,73.0,0.999,0.7,9.5,6.0
0.9170437964496976,0.8191803912002935,0.09786340524940403,0.2,11.0,0.071,13.0,50.0,1.0015,0.69,9.2,6.0
0.9170437964496976,0.8191803912002935,0.09786340524940403,0.2,11.0,0.071,13.0,50.0,1.0015,0.69,9.2,6.0
2.022882959073613,1.678104875880295,0.34477808319331804,0.66,3.65,0.121,6.0,14.0,0.9978,0.74,11.5,7.0
1.384227597703176,2.6443949211452975,-1.2601673234421216,0.62,2.6,0.082,6.0,21.0,1.0002,0.67,9.7,6.0
0.22193665371697757,0.9265459517852933,-0.7046092980683157,0.64,2.9,0.122,10.0,41.0,0.998,0.66,12.5,6.0
0.22193665371697757,0.9265459517852933,-0.7046092980683157,0.64,2.9,0.122,10.0,41.0,0.998,0.66,12.5,6.0
0.3989462159735011,-0.2544752146497087,0.6534214306232098,0.28,3.2,0.066,21.0,114.0,0.9973,0.54,9.4,6.0
0.7773641220828507,-0.3081579949422086,1.0855221170250593,0.01,2.5,0.078,17.0,38.0,0.9963,0.74,11.7,7.0
3.2024543464697577,1.8391532167577958,1.363301129711962,0.53,3.4,0.128,7.0,21.0,0.9992,0.84,12.2,7.0
-0.0438388036836741,0.22866980798279252,-0.2725086116664666,0.45,1.9,0.052,6.0,16.0,0.9948,0.7,12.5,6.0
2.2054305234697003,2.107567118220296,0.09786340524940403,0.58,3.0,0.103,28.0,99.0,1.0008,1.0,11.5,6.0
0.9628112445566532,2.1612498985127964,-1.1984386539561431,0.54,2.3,0.082,12.0,29.0,0.9997,1.36,9.8,7.0
1.172134920595023,2.0002015576352954,-0.8280666370402724,0.5,2.4,0.066,10.0,21.0,1.0,1.18,9.2,6.0
0.8070397918028488,1.141277072955294,-0.3342372811524451,0.48,2.7,0.065,5.0,18.0,0.9972,0.87,11.3,6.0
0.7829021242224143,1.3023254138327947,-0.5194232896103803,0.47,1.8,0.118,6.0,14.0,0.9982,0.75,9.8,6.0
0.7829021242224143,1.3023254138327947,-0.5194232896103803,0.47,1.8,0.118,6.0,14.0,0.9982,0.75,9.8,6.0
2.430845977895027,1.8391532167577958,0.5916927611372313,0.5,2.6,0.082,6.0,32.0,1.0006,0.78,10.7,6.0
1.0980110247989927,-1.0060341387447105,2.104045163543703,0.02,2.7,0.072,17.0,34.0,0.9955,0.89,12.3,7.0
2.9569894475647023,2.859126042315298,0.09786340524940403,0.67,3.0,0.093,6.0,15.0,0.9986,0.93,12.0,6.0
1.1344133616815464,0.6044492700302929,0.5299640916512535,0.31,2.8,0.089,15.0,46.0,0.9979,0.92,10.0,6.0
2.2548945236535607,0.33603536856779237,1.9188591550857683,0.0,2.6,0.093,11.0,28.0,0.9994,0.86,9.4,6.0
2.4039393092448105,1.1949598532477939,1.2089794559970164,0.22,2.7,0.107,17.0,34.0,1.0004,0.98,9.9,6.0
2.3166231931395393,0.33603536856779237,1.980587824571747,0.0,2.6,0.096,11.0,26.0,0.9994,0.83,9.4,6.0
-2.9049873805652036,-1.274448040207211,-1.6305393403579926,0.4,1.4,0.066,41.0,165.0,0.9912,0.59,11.9,6.0
0.7504574534326337,-0.95235135845221,1.7028088118848437,0.01,2.4,0.078,17.0,32.0,0.9955,0.61,12.8,6.0
0.7533570115103491,1.0875942926627942,-0.3342372811524451,0.66,2.95,0.116,12.0,29.0,0.997,0.75,11.7,7.0
1.5666446050913292,1.8391532167577958,-0.2725086116664666,0.66,3.1,0.109,10.0,23.0,1.0,0.85,10.4,7.0
1.6337807197089373,2.214932678805296,-0.5811519590963588,0.66,2.6,0.088,10.0,41.0,1.001,0.68,9.8,6.0
-0.08142980558921784,0.0676214671052918,-0.14905127269450963,0.31,2.6,0.086,21.0,50.0,0.9982,0.91,9.9,6.0
3.1917700132144313,2.322298239390297,0.8694717738241345,0.66,5.8,0.083,7.0,42.0,1.0022,0.73,10.0,7.0
0.4849431100478484,0.8191803912002935,-0.3342372811524451,0.5,3.4,0.107,7.0,21.0,0.9979,0.93,11.8,6.0
3.1917700132144313,2.322298239390297,0.8694717738241345,0.66,5.8,0.083,7.0,42.0,1.0022,0.73,10.0,7.0
-0.7630836139968284,0.49708370944529306,-1.2601673234421216,0.53,2.4,0.074,6.0,18.0,0.9962,1.13,12.0,7.0
-1.7535113268422657,-0.3081579949422086,-1.445353331900057,0.4,1.6,0.056,11.0,25.0,0.9967,0.87,8.7,6.0
-0.8624032853883508,0.33603536856779237,-1.1984386539561431,0.48,1.8,0.067,26.0,46.0,0.9967,1.04,10.6,6.0
2.5705256522618747,2.966491602900298,-0.39596595063842366,0.63,3.8,0.089,6.0,47.0,1.0014,0.81,10.8,6.0
2.030928848267092,1.6244220955877953,0.40650675267929653,0.71,4.4,0.124,6.0,15.0,0.9984,0.83,11.8,7.0
1.4753708228932856,1.6244220955877953,-0.14905127269450963,0.5,3.0,0.078,19.0,47.0,1.0003,1.11,11.0,6.0
-0.7630836139968284,0.49708370944529306,-1.2601673234421216,0.53,2.4,0.074,6.0,18.0,0.9962,1.13,12.0,7.0
2.5019397586054084,1.5707393152952953,0.9312004433101131,0.66,6.2,0.088,6.0,24.0,0.9988,0.99,13.3,6.0
-0.42766415492465304,-0.09342687377220796,-0.3342372811524451,0.38,2.5,0.094,24.0,60.0,0.9979,0.7,10.8,6.0
-1.415322866700308,-0.09342687377220796,-1.3218959929281,0.42,2.0,0.08,11.0,27.0,0.9974,0.8,9.4,6.0
2.440341646127363,2.805443262022797,-0.3651016158954344,0.68,2.9,0.085,17.0,43.0,1.0014,0.8,10.0,6.0
-1.415322866700308,-0.09342687377220796,-1.3218959929281,0.42,2.0,0.08,11.0,27.0,0.9974,0.8,9.4,6.0
-1.415322866700308,-0.09342687377220796,-1.3218959929281,0.42,2.0,0.08,11.0,27.0,0.9974,0.8,9.4,6.0
0.3854928816483931,-0.5765718964047092,0.9620647780531023,0.07,2.4,0.09,11.0,37.0,0.9979,0.76,9.7,6.0
0.04466597744458756,-0.361840775234709,0.40650675267929653,0.26,2.0,0.088,23.0,48.0,0.9981,0.74,9.2,6.0
1.0538239127388298,-0.09342687377220796,1.1472507865110377,0.15,1.9,0.079,17.0,42.0,0.9972,0.54,9.6,6.0
-0.4491633784432401,-0.361840775234709,-0.08732260320853114,0.26,1.9,0.088,23.0,53.0,0.9981,0.74,9.2,6.0
0.023297310933934168,0.6044492700302929,-0.5811519590963588,0.31,2.5,0.096,16.0,49.0,0.9982,0.7,10.0,7.0
0.7772335650749163,-1.5428619416697116,2.320095506744628,0.05,1.4,0.045,12.0,88.0,0.9924,0.82,12.9,8.0
2.440341646127363,2.805443262022797,-0.3651016158954344,0.68,2.9,0.085,17.0,43.0,1.0014,0.8,10.0,6.0
1.2499553684679583,1.8928359970502957,-0.6428806285823373,0.76,4.2,0.066,7.0,38.0,1.0004,0.6,13.0,7.0
2.3395721956969835,1.6244220955877953,0.7151501001091883,0.59,2.6,0.087,13.0,49.0,0.9988,0.65,11.0,6.0
2.3395721956969835,1.6244220955877953,0.7151501001091883,0.59,2.6,0.087,13.0,49.0,0.9988,0.65,11.0,6.0
-1.7374195484553088,-0.4155235555272089,-1.3218959929281,0.3,1.7,0.059,20.0,38.0,0.9949,0.47,10.8,6.0
2.036336293398721,2.0002015576352954,0.03613473576342552,0.54,2.6,0.085,19.0,64.0,1.0,0.61,10.5,6.0
2.347618084890462,1.5707393152952953,0.7768787695951668,0.49,2.7,0.085,10.0,41.0,0.9994,0.63,10.5,6.0
-0.8919483981004164,0.12130424739779172,-1.013252645498208,0.46,1.4,0.059,11.0,25.0,0.9966,0.76,10.1,6.0
0.5010348884348056,0.7118148306152937,-0.21077994218048812,0.47,2.5,0.063,9.0,28.0,0.9981,0.65,10.8,6.0
1.3734127074399154,1.8928359970502957,-0.5194232896103803,0.66,3.0,0.093,12.0,30.0,0.9996,0.63,10.8,7.0
0.20584487533002183,1.0339115123702942,-0.8280666370402724,0.58,3.7,0.174,6.0,16.0,0.997,0.7,11.3,6.0
0.0098439766088258,0.2823525882752924,-0.2725086116664666,0.34,2.5,0.08,26.0,86.0,0.9987,0.62,9.5,6.0
0.3078029907833918,0.7654976109077936,-0.45769462012440176,0.53,6.7,0.097,6.0,19.0,0.9986,0.82,11.7,7.0
1.1774118087187193,1.141277072955294,0.03613473576342552,0.64,2.2,0.111,6.0,20.0,0.997,0.66,11.7,6.0
1.258001257661437,1.8391532167577958,-0.5811519590963588,0.51,2.0,0.121,7.0,20.0,0.9996,0.76,10.4,6.0
1.0807305813890464,0.550766489737793,0.5299640916512535,0.33,2.4,0.089,35.0,67.0,0.9972,0.73,11.8,7.0
1.2523326985139391,-1.0060341387447105,2.2583668372586496,0.03,2.3,0.059,32.0,48.0,0.9952,0.56,12.3,7.0
-0.35775903923726293,1.0875942926627942,-1.445353331900057,0.47,2.1,0.066,6.0,24.0,0.9978,0.9,11.0,7.0
1.2523326985139391,-1.0060341387447105,2.2583668372586496,0.03,2.3,0.059,32.0,48.0,0.9952,0.56,12.3,7.0
0.09557975666730623,-1.1133996993297102,1.2089794559970164,0.08,2.1,0.045,19.0,48.0,0.9949,0.49,11.4,6.0
2.4387613100805723,0.550766489737793,1.8879948203427792,0.22,1.9,0.077,6.0,32.0,0.9988,0.56,10.6,6.0
4.5806650766489465,2.322298239390297,2.2583668372586496,0.63,2.4,0.088,13.0,35.0,0.9997,0.6,10.4,6.0
-0.35775903923726293,1.0875942926627942,-1.445353331900057,0.47,2.1,0.066,6.0,24.0,0.9978,0.9,11.0,7.0
1.1962725881754586,1.8391532167577958,-0.6428806285823373,0.69,2.3,0.078,12.0,24.0,0.9958,0.65,12.8,6.0
0.6379455617318706,1.0339115123702942,-0.39596595063842366,0.55,3.2,0.076,22.0,54.0,0.9996,0.89,9.9,6.0
0.9545042413473077,-0.2544752146497087,1.2089794559970164,0.3,2.0,0.06,38.0,62.0,0.9958,0.56,10.2,6.0
1.2606397017232849,1.4096909744177946,-0.14905127269450963,0.73,3.2,0.066,6.0,22.0,0.9986,0.66,11.2,6.0
0.6379455617318706,1.0339115123702942,-0.39596595063842366,0.55,3.2,0.076,22.0,54.0,0.9996,0.89,9.9,6.0
1.201680033307088,2.214932678805296,-1.013252645498208,0.72,2.2,0.072,6.0,29.0,0.9987,0.82,9.8,8.0
1.381458596633394,1.8391532167577958,-0.45769462012440176,0.65,2.15,0.068,7.0,27.0,0.9988,0.68,11.3,6.0
5.126988547806284,3.8254160875802996,1.3015724602259842,0.76,3.7,0.1,6.0,43.0,1.0032,0.68,11.2,7.0
0.6084004490198054,0.8191803912002935,-0.21077994218048812,0.49,2.7,0.077,11.0,19.0,0.9963,0.63,11.6,7.0
-1.1122175214099803,-1.7039102825472117,0.5916927611372313,0.01,1.7,0.054,5.0,27.0,0.9934,0.84,12.5,7.0
2.160982297393669,0.550766489737793,1.610215807655876,0.1,2.1,0.079,6.0,31.0,0.9986,0.56,10.1,6.0
0.41239955029860986,0.0676214671052918,0.34477808319331804,0.22,2.0,0.1,7.0,27.0,0.9967,0.56,10.2,6.0
1.3197299271474154,1.8391532167577958,-0.5194232896103803,0.69,2.8,0.095,17.0,35.0,0.9994,0.61,10.8,6.0
1.3197299271474154,1.8391532167577958,-0.5194232896103803,0.69,2.8,0.095,17.0,35.0,0.9994,0.61,10.8,6.0
-0.6826247220620454,-0.03974409347970804,-0.6428806285823373,0.53,1.8,0.413,9.0,26.0,0.9979,1.06,9.1,6.0
-0.36870448650845666,-0.8986685781597101,0.5299640916512535,0.03,1.7,0.084,18.0,35.0,0.9968,0.63,10.0,6.0
0.14411620584404328,1.0339115123702942,-0.8897953065262509,0.63,2.8,0.084,5.0,22.0,0.9998,0.74,11.2,7.0
2.417392643569919,1.5170565350027954,0.9003361085671239,0.67,5.2,0.086,6.0,19.0,0.9988,0.69,13.4,8.0
0.14411620584404328,1.0339115123702942,-0.8897953065262509,0.63,2.8,0.084,5.0,22.0,0.9998,0.74,11.2,7.0
0.11720953719382565,0.38971814886029227,-0.2725086116664666,0.52,2.3,0.083,14.0,23.0,0.9976,0.61,11.3,6.0
0.6420337848325766,1.6244220955877953,-0.9823883107552187,0.54,2.1,0.084,5.0,15.0,0.9987,0.7,9.2,6.0
1.1398208068131768,0.9802287320777943,0.1595920747353825,0.42,2.0,0.069,21.0,51.0,0.9982,0.72,11.5,6.0
0.08766442448176145,0.1749870276902926,-0.08732260320853114,0.45,2.6,0.065,7.0,18.0,0.9947,0.79,14.0,6.0
0.8661300172269796,1.5707393152952953,-0.7046092980683157,0.69,2.1,0.09,6.0,21.0,1.0,0.62,9.2,6.0
1.0109560227095895,0.6044492700302929,0.40650675267929653,0.42,2.4,0.081,25.0,52.0,0.997,0.71,11.4,6.0
1.5183692699304592,2.1612498985127964,-0.6428806285823373,0.55,2.6,0.083,25.0,68.0,0.9995,0.82,10.4,6.0
-0.11084436129334896,1.0875942926627942,-1.1984386539561431,0.51,1.7,0.08,10.0,24.0,0.9982,0.89,9.4,6.0
-0.4114418195297629,1.0339115123702942,-1.445353331900057,0.49,1.8,0.075,6.0,20.0,0.9977,1.06,11.0,6.0
1.7986561696712773,0.49708370944529306,1.3015724602259842,0.11,2.7,0.077,6.0,31.0,0.9984,0.7,10.1,6.0
-0.5778976055388934,0.49708370944529306,-1.0749813149841865,0.56,2.8,0.08,6.0,17.0,0.9964,0.92,11.7,8.0
0.9304971307748058,1.141277072955294,-0.21077994218048812,0.68,4.1,0.114,6.0,24.0,0.997,0.66,13.4,6.0
1.9812037340673632,0.9265459517852933,1.05465778228207,0.36,1.8,0.053,5.0,14.0,0.9982,0.42,10.0,6.0
0.7265808998680655,1.678104875880295,-0.9515239760122295,0.55,2.8,0.081,35.0,67.0,1.0002,0.92,10.8,7.0
-0.07602236045758715,0.44340092915279317,-0.5194232896103803,0.4,2.6,0.073,10.0,26.0,0.9984,0.75,10.2,6.0
2.300531414752583,0.44340092915279317,1.8571304855997899,0.27,2.8,0.078,24.0,56.0,0.9984,0.67,10.6,6.0
-0.00624780177813139,0.38971814886029227,-0.39596595063842366,0.5,2.5,0.055,12.0,25.0,0.9952,0.79,13.3,7.0
-0.22902481214160925,0.22866980798279252,-0.45769462012440176,0.51,2.6,0.052,13.0,27.0,0.995,0.9,13.4,7.0
1.4537410423667643,0.12130424739779172,1.3324367949689726,0.31,3.0,0.086,23.0,81.0,1.0002,0.74,11.6,6.0
-1.5791402086475905,-1.0597169190372102,-0.5194232896103803,0.23,8.3,0.051,28.0,91.0,0.9952,0.55,12.1,6.0
0.42862188569349957,1.1949598532477939,-0.7663379675542943,0.53,2.6,0.07,5.0,16.0,0.9972,0.65,11.0,8.0
-0.07879136152736949,-0.361840775234709,0.2830494137073395,0.25,1.9,0.081,14.0,38.0,0.9984,0.65,9.0,6.0
0.42862188569349957,1.1949598532477939,-0.7663379675542943,0.53,2.6,0.07,5.0,16.0,0.9972,0.65,11.0,8.0
1.4537410423667643,0.12130424739779172,1.3324367949689726,0.31,3.0,0.086,23.0,81.0,1.0002,0.74,11.6,6.0
-0.07879136152736949,-0.361840775234709,0.2830494137073395,0.25,1.9,0.081,14.0,38.0,0.9984,0.65,9.0,6.0
0.8231315701898061,1.0339115123702942,-0.21077994218048812,0.73,6.55,0.074,38.0,76.0,0.999,0.85,12.0,7.0
0.8231315701898061,1.0339115123702942,-0.21077994218048812,0.73,6.55,0.074,38.0,76.0,0.999,0.85,12.0,7.0
-0.23430170026530583,1.0875942926627942,-1.3218959929281,0.47,1.9,0.078,6.0,24.0,0.9976,1.04,10.9,7.0
-0.35775903923726293,1.0875942926627942,-1.445353331900057,0.42,1.8,0.077,6.0,22.0,0.9976,1.05,10.8,7.0
1.0244093570346973,0.9265459517852933,0.09786340524940403,0.63,2.9,0.072,10.0,26.0,0.9968,0.78,12.5,7.0
-0.4114418195297629,1.0339115123702942,-1.445353331900057,0.46,1.8,0.075,6.0,21.0,0.9976,1.02,10.8,7.0
2.672353210707311,1.4633737547102945,1.2089794559970164,0.55,2.3,0.084,6.0,13.0,1.0,0.71,9.5,6.0
1.5343304913094817,0.8191803912002935,0.7151501001091883,0.31,2.2,0.09,26.0,62.0,0.9994,0.63,10.2,6.0
1.4540021563826324,2.5907121408527973,-1.136709984470165,0.75,2.8,0.084,23.0,43.0,0.9986,0.68,11.4,7.0
1.5343304913094817,0.8191803912002935,0.7151501001091883,0.31,2.2,0.09,26.0,62.0,0.9994,0.63,10.2,6.0
0.7372652331233921,1.1949598532477939,-0.45769462012440176,0.48,2.1,0.125,15.0,49.0,0.998,0.81,9.7,6.0
1.3089150368841551,1.0875942926627942,0.22132074422136103,0.64,2.4,0.107,6.0,15.0,0.9973,0.66,11.8,7.0
1.3089150368841551,1.0875942926627942,0.22132074422136103,0.64,2.4,0.107,6.0,15.0,0.9973,0.66,11.8,7.0
2.938128668107963,2.1612498985127964,0.7768787695951668,0.49,4.3,0.1,5.0,14.0,1.001,0.74,11.9,6.0
-0.328213926525198,1.3023254138327947,-1.6305393403579926,0.49,2.8,0.088,11.0,32.0,0.9972,0.68,11.7,6.0
-0.671809831798785,0.7118148306152937,-1.3836246624140787,0.49,2.7,0.088,15.0,33.0,0.9982,0.9,10.0,6.0
-1.3724549766710685,-0.7913030175747098,-0.5811519590963588,0.49,2.5,0.097,33.0,85.0,0.9962,0.77,11.4,6.0
-0.48134693521715394,-0.14710965406470883,-0.3342372811524451,0.49,2.6,0.084,32.0,55.0,0.9988,0.75,8.7,6.0
-1.2327753023042218,0.33603536856779237,-1.5688106708720142,0.24,2.1,0.078,1.0,28.0,0.999,0.87,10.3,6.0
-0.2799385913643273,0.9802287320777943,-1.2601673234421216,0.24,2.1,0.072,15.0,33.0,0.9956,0.66,12.8,6.0
0.855315126963719,0.8191803912002935,0.03613473576342552,0.24,2.7,0.102,13.0,32.0,1.0,0.56,10.0,6.0
-1.2327753023042218,0.33603536856779237,-1.5688106708720142,0.24,2.1,0.078,1.0,28.0,0.999,0.87,10.3,6.0
1.9649813986724731,-0.20079243435720875,2.165773833029682,0.24,2.1,0.084,5.0,13.0,0.9972,0.77,10.7,6.0
1.6096430521285028,2.375981019682797,-0.7663379675542943,0.49,5.8,0.066,5.0,35.0,1.0014,0.66,12.0,7.0
0.46344388652926183,0.550766489737793,-0.08732260320853114,0.49,6.3,0.064,5.0,17.0,0.9988,0.73,11.0,6.0
2.6106245412213323,1.4633737547102945,1.1472507865110377,0.24,2.5,0.085,16.0,53.0,0.9993,0.72,11.0,6.0
2.1142872982795904,3.1275399437777986,-1.013252645498208,0.74,1.8,0.075,6.0,15.0,1.0008,0.79,8.4,6.0
-0.0546536939469342,-0.5228891161122092,0.46823542216527503,0.24,2.0,0.078,10.0,28.0,0.9983,0.78,9.5,6.0
0.12802442745708587,1.141277072955294,-1.013252645498208,0.49,2.5,0.067,6.0,21.0,0.9987,0.86,10.7,6.0
1.341229150666002,2.107567118220296,-0.7663379675542943,0.49,2.6,0.079,27.0,69.0,0.9994,0.75,10.4,6.0
0.6271306714686105,0.2823525882752924,0.34477808319331804,0.49,1.9,0.171,6.0,25.0,0.9975,0.61,9.4,6.0
-0.6773478339383491,-0.8986685781597101,0.22132074422136103,0.01,2.1,0.074,9.0,25.0,0.9958,0.56,9.5,6.0
0.22457509777882645,0.49708370944529306,-0.2725086116664666,0.24,2.8,0.092,14.0,45.0,0.998,0.73,10.0,6.0
0.46344388652926183,0.550766489737793,-0.08732260320853114,0.24,2.7,0.092,14.0,44.0,0.998,0.74,10.0,6.0
1.6471034970261127,1.3023254138327947,0.34477808319331804,0.49,4.6,0.118,10.0,17.0,1.0002,0.56,11.7,6.0
1.6471034970261127,1.3023254138327947,0.34477808319331804,0.49,4.6,0.118,10.0,17.0,1.0002,0.56,11.7,6.0
2.404069866252744,2.429663799975297,-0.02559393372255298,0.49,4.3,0.085,6.0,47.0,1.0021,0.68,12.7,6.0
-1.6059163202898743,-0.4692063358197093,-1.136709984470165,0.49,2.7,0.092,25.0,60.0,0.9971,0.61,10.1,6.0
2.404069866252744,2.429663799975297,-0.02559393372255298,0.49,4.3,0.085,6.0,47.0,1.0021,0.68,12.7,6.0
1.5154697118527427,0.12130424739779172,1.394165464454951,0.24,2.5,0.226,5.0,15.0,0.9991,0.6,9.0,6.0
1.5154697118527427,0.12130424739779172,1.394165464454951,0.24,2.5,0.226,5.0,15.0,0.9991,0.6,9.0,6.0
0.8714069053506762,0.7118148306152937,0.1595920747353825,0.49,2.6,0.25,5.0,20.0,0.999,0.79,10.7,6.0
-1.9253745579830261,-1.2207652599147105,-0.7046092980683157,0.24,2.2,0.095,19.0,42.0,0.9946,0.57,11.7,6.0
0.858084128033501,1.6244220955877953,-0.7663379675542943,0.49,3.3,0.07,10.0,37.0,1.0003,0.91,11.0,6.0
-1.9253745579830261,-1.2207652599147105,-0.7046092980683157,0.24,2.2,0.095,19.0,42.0,0.9946,0.57,11.7,6.0
0.3132104359150215,1.141277072955294,-0.8280666370402724,0.49,3.2,0.078,20.0,78.0,0.9992,0.7,10.0,6.0
0.7937170144856749,2.0538843379277965,-1.2601673234421216,0.49,3.1,0.079,28.0,46.0,0.9993,0.8,10.2,6.0
0.12802442745708587,1.141277072955294,-1.013252645498208,0.49,2.2,0.063,18.0,40.0,0.9976,0.51,9.8,6.0
0.6943973430941526,1.8928359970502957,-1.1984386539561431,0.49,1.9,0.074,10.0,21.0,0.9976,0.66,9.9,7.0
0.8956751299390449,1.7854704364652958,-0.8897953065262509,0.49,3.4,0.093,54.0,80.0,1.0002,0.76,10.7,7.0
-0.24788559159834825,-0.4692063358197093,0.22132074422136103,0.24,2.4,0.091,8.0,38.0,0.998,0.66,9.6,6.0
0.3964383289195865,1.4096909744177946,-1.013252645498208,0.49,2.7,0.094,16.0,47.0,0.9986,1.02,10.6,7.0
-2.199195904577157,-1.864958623424712,-0.3342372811524451,0.24,2.0,0.06,19.0,50.0,0.9917,0.74,14.0,8.0
-0.2101640326848716,0.9265459517852933,-1.136709984470165,0.49,2.6,0.059,5.0,13.0,0.9976,0.74,10.5,7.0
-1.5254574283550908,-1.0060341387447105,-0.5194232896103803,0.49,1.7,0.07,23.0,149.0,0.9922,0.5,11.5,6.0
1.6498724980958945,2.107567118220296,-0.45769462012440176,0.51,2.0,0.059,6.0,24.0,0.9994,0.6,9.3,6.0
2.4925746473810055,1.8391532167577958,0.6534214306232098,0.58,1.9,0.071,5.0,18.0,0.998,0.63,10.0,6.0
0.698224452178991,0.013938686812791881,0.6842857653661991,0.18,2.1,0.078,5.0,30.0,0.9967,0.48,9.8,6.0
2.9837655592069847,2.2686154590977963,0.7151501001091883,0.45,2.3,0.082,11.0,22.0,1.0,0.7,9.3,6.0
2.4497067573517657,2.5370293605602967,-0.08732260320853114,0.52,2.2,0.071,12.0,35.0,1.0006,0.56,9.0,6.0
2.4497067573517657,2.5370293605602967,-0.08732260320853114,0.52,2.2,0.071,12.0,35.0,1.0006,0.56,9.0,6.0
0.5599945568510019,-0.09342687377220796,0.6534214306232098,0.13,2.9,0.096,14.0,63.0,0.9984,0.62,9.1,6.0
0.6834518958229588,-0.09342687377220796,0.7768787695951668,0.13,2.6,0.085,6.0,24.0,0.9984,0.59,9.2,6.0
0.1011177588068694,0.49708370944529306,-0.39596595063842366,0.48,4.6,0.072,10.0,20.0,0.9973,0.79,12.2,7.0
0.2111217634537181,0.1749870276902926,0.03613473576342552,0.41,3.3,0.092,26.0,52.0,0.9982,0.53,10.5,6.0
1.9583852885178528,0.8728631714927935,1.0855221170250593,0.37,5.1,0.11,11.0,65.0,1.0026,0.64,10.4,6.0
-1.8716917776905264,-1.1670824796222106,-0.7046092980683157,0.19,3.2,0.075,15.0,39.0,0.9956,0.52,12.7,6.0
0.5009043314268716,-0.5228891161122092,1.0237934475390809,0.0,2.4,0.077,18.0,29.0,0.9965,0.6,10.0,6.0
2.123391295488125,0.38971814886029227,1.7336731466278328,0.18,2.2,0.148,10.0,103.0,0.9969,1.36,10.2,6.0
0.6111694500895872,1.6244220955877953,-1.013252645498208,0.51,2.2,0.079,14.0,28.0,0.9982,0.93,9.8,6.0
-0.08683725072084755,-0.3081579949422086,0.22132074422136103,0.25,2.9,0.077,21.0,45.0,0.9974,0.96,12.1,6.0
0.5278110000770883,0.12130424739779172,0.40650675267929653,0.26,2.5,0.097,7.0,31.0,0.9976,0.6,9.3,6.0
0.5278110000770883,0.12130424739779172,0.40650675267929653,0.26,2.5,0.097,7.0,31.0,0.9976,0.6,9.3,6.0
-0.8651722864581329,-0.4692063358197093,-0.39596595063842366,0.14,3.0,0.087,21.0,43.0,0.9964,0.57,10.5,6.0
2.305808302876279,-0.4155235555272089,2.721331858403488,0.12,2.2,0.143,7.0,23.0,0.9964,0.65,10.2,7.0
-0.9080401764873725,0.22866980798279252,-1.136709984470165,0.35,1.9,0.067,25.0,57.0,0.997,1.36,10.3,6.0
0.6619526723043718,-0.361840775234709,1.0237934475390809,0.1,6.0,0.115,5.0,11.0,0.9984,0.69,10.1,7.0
0.15743898316121724,0.12130424739779172,0.03613473576342552,0.3,2.8,0.066,10.0,28.0,0.9964,0.67,11.2,7.0
-1.286588639604655,-0.95235135845221,-0.3342372811524451,0.27,8.6,0.068,24.0,148.0,0.9948,0.57,11.3,6.0
-0.3927115970809579,0.49708370944529306,-0.8897953065262509,0.59,2.8,0.079,9.0,30.0,0.9976,0.54,12.0,6.0
2.052428071785678,1.8928359970502957,0.1595920747353825,0.59,1.4,0.073,23.0,42.0,0.998,0.68,10.5,7.0
-0.40088804328236993,-0.6839374569897094,0.2830494137073395,0.07,1.4,0.074,5.0,20.0,0.9973,0.81,9.6,6.0
-0.40088804328236993,-0.6839374569897094,0.2830494137073395,0.07,1.4,0.074,5.0,20.0,0.9973,0.81,9.6,6.0
-0.09224469585247808,-0.6839374569897094,0.5916927611372313,0.06,1.6,0.076,9.0,27.0,0.9972,0.7,9.6,6.0
-0.32557548246334966,0.8728631714927935,-1.1984386539561431,0.46,1.8,0.05,5.0,13.0,0.9974,0.79,10.2,6.0
0.004436531477196068,-0.09342687377220796,0.09786340524940403,0.36,1.8,0.222,6.0,16.0,0.998,0.6,9.5,6.0
0.688989897962523,1.5170565350027954,-0.8280666370402724,0.45,2.0,0.082,6.0,15.0,0.9988,0.66,9.2,6.0
0.688989897962523,1.5170565350027954,-0.8280666370402724,0.45,2.0,0.082,6.0,15.0,0.9988,0.66,9.2,6.0
0.7909480134158929,1.2486426335402947,-0.45769462012440176,0.41,2.2,0.084,7.0,17.0,0.9984,0.67,9.3,6.0
0.7909480134158929,1.2486426335402947,-0.45769462012440176,0.41,2.2,0.084,7.0,17.0,0.9984,0.67,9.3,6.0
-0.4035264873442183,-0.2544752146497087,-0.14905127269450963,0.23,2.2,0.094,16.0,29.0,0.9962,0.49,10.2,6.0
-1.836869776854765,-1.811275843132212,-0.02559393372255298,0.02,1.3,0.034,18.0,44.0,0.9921,0.62,12.8,6.0
0.2942190994503495,-0.7913030175747098,1.0855221170250593,0.02,2.1,0.066,8.0,25.0,0.9972,0.67,9.5,6.0
0.2942190994503495,-0.7913030175747098,1.0855221170250593,0.02,2.1,0.066,8.0,25.0,0.9972,0.67,9.5,6.0
1.204318477368937,1.7854704364652958,-0.5811519590963588,0.55,2.1,0.071,5.0,19.0,0.9986,0.62,10.8,6.0
4.510759960961556,1.141277072955294,3.369482888006262,0.43,2.9,0.076,26.0,88.0,0.9984,0.57,10.1,6.0
0.2942190994503495,-0.7913030175747098,1.0855221170250593,0.02,2.1,0.066,8.0,25.0,0.9972,0.67,9.5,6.0
0.23249042996437108,-0.7913030175747098,1.0237934475390809,0.02,2.1,0.067,9.0,23.0,0.997,0.67,9.4,6.0
0.07553031218757678,-0.361840775234709,0.43737108742228575,0.12,2.5,0.068,11.0,35.0,0.996,0.61,11.6,6.0
-0.3551205951754153,0.6581320503227928,-1.013252645498208,0.47,1.6,0.062,13.0,33.0,0.9983,0.66,10.0,6.0
-0.5860740517403054,-0.6839374569897094,0.09786340524940403,0.18,2.7,0.069,13.0,34.0,0.9967,0.48,9.2,6.0
1.3168303690696994,-0.20079243435720875,1.5176228034269081,0.09,2.8,0.084,18.0,49.0,0.9994,0.72,11.1,6.0
1.2992888116438854,-1.1133996993297102,2.4126885109735956,0.03,3.2,0.071,27.0,58.0,0.995,0.49,12.7,6.0
0.5680404460444795,-0.14710965406470883,0.7151501001091883,0.0,2.5,0.093,19.0,58.0,1.0002,0.65,9.3,6.0
1.6711106075986142,-0.09342687377220796,1.7645374813708221,0.29,4.2,0.075,12.0,16.0,0.9965,0.68,11.5,6.0
-0.4089339324758485,-0.6302546766972096,0.22132074422136103,0.18,2.1,0.07,12.0,28.0,0.99768,0.73,9.5,6.0
-0.9751762911049813,-0.14710965406470883,-0.8280666370402724,0.38,2.5,0.08,12.0,57.0,0.9978,0.47,9.0,6.0
-0.5243453822543269,-0.6839374569897094,0.1595920747353825,0.18,2.1,0.071,12.0,31.0,0.99761,0.72,9.6,6.0
-0.4089339324758485,-0.6302546766972096,0.22132074422136103,0.18,2.1,0.07,12.0,28.0,0.99768,0.73,9.5,6.0
-0.32570603947128346,-0.361840775234709,0.03613473576342552,0.68,1.7,0.415,14.0,32.0,0.99656,1.06,9.1,6.0
2.32862674842579,-0.361840775234709,2.690467523660499,0.07,1.9,0.058,22.0,47.0,0.99525,0.43,10.7,6.0
1.9554857304401372,-1.1670824796222106,3.1225682100623477,0.01,2.0,0.057,15.0,33.0,0.99488,0.46,11.2,6.0
1.5691524921452435,0.1749870276902926,1.394165464454951,0.0,1.7,0.069,8.0,19.0,0.99701,0.53,10.0,6.0
1.6067434940507872,0.33603536856779237,1.2707081254829948,0.11,2.8,0.093,11.0,44.0,0.99888,0.55,9.5,6.0
1.5986976048573087,0.38971814886029227,1.2089794559970164,0.1,3.0,0.091,12.0,48.0,0.99888,0.54,9.5,6.0
-0.022470137173021487,-0.7376202372822098,0.7151501001091883,0.02,2.3,0.082,24.0,94.0,0.99744,0.53,9.7,6.0
-0.022470137173021487,-0.7376202372822098,0.7151501001091883,0.02,2.3,0.082,24.0,94.0,0.99744,0.53,9.7,6.0
-0.7658526150666103,-0.3081579949422086,-0.45769462012440176,0.29,1.8,0.157,1.0,44.0,0.9973,0.92,9.5,6.0
-0.7658526150666103,-0.3081579949422086,-0.45769462012440176,0.3,1.8,0.157,2.0,45.0,0.99727,0.91,9.5,6.0
0.9504160182466017,-0.8449857978672097,1.7954018161138114,0.18,2.4,0.243,6.0,48.0,0.99612,0.6,10.3,6.0
0.1479433149288818,-0.8449857978672097,0.9929291127960915,0.17,2.4,0.241,6.0,18.0,0.9961,0.59,10.3,6.0
-0.19961025643747843,-0.7913030175747098,0.5916927611372313,0.0,2.0,0.19,12.0,45.0,0.99676,0.6,9.4,6.0
1.349144482851547,0.8191803912002935,0.5299640916512535,0.24,2.2,0.079,19.0,58.0,0.9991,0.56,10.1,6.0
1.349144482851547,0.8191803912002935,0.5299640916512535,0.24,2.2,0.079,19.0,58.0,0.9991,0.56,10.1,6.0
-1.2194525249870465,-0.5765718964047092,-0.6428806285823373,0.43,2.6,0.082,18.0,82.0,0.99708,0.68,9.7,6.0
0.1009872017989355,-0.7376202372822098,0.8386074390811453,0.02,2.5,0.081,17.0,87.0,0.99745,0.6,9.7,6.0
-0.3873041519493281,0.8728631714927935,-1.2601673234421216,0.54,2.3,0.065,7.0,26.0,0.99531,0.53,12.5,6.0
-0.19947969942954413,0.44340092915279317,-0.6428806285823373,0.44,1.6,0.038,21.0,42.0,0.99526,0.81,10.8,7.0
0.6566757841806756,0.49708370944529306,0.1595920747353825,0.34,3.6,0.082,5.0,14.0,0.9987,0.52,10.7,6.0
0.6566757841806756,0.49708370944529306,0.1595920747353825,0.34,3.6,0.082,5.0,14.0,0.9987,0.52,10.7,6.0
-1.126990077766013,-1.811275843132212,0.6842857653661991,0.0,1.7,0.044,14.0,86.0,0.99264,0.94,12.9,7.0
0.11444053612404459,-0.4155235555272089,0.5299640916512535,0.08,2.5,0.114,14.0,46.0,0.9971,0.66,9.6,6.0
0.24330532022763146,-0.03974409347970804,0.2830494137073395,0.22,2.7,0.084,4.0,18.0,0.99682,0.57,9.9,6.0
-1.345548308020852,-0.14710965406470883,-1.1984386539561431,0.4,2.4,0.052,4.0,10.0,0.99356,0.7,12.8,7.0
-1.4233687558937866,-0.03974409347970804,-1.3836246624140787,0.39,2.0,0.041,4.0,10.0,0.99386,0.71,12.5,7.0
-1.345548308020852,-0.14710965406470883,-1.1984386539561431,0.4,2.4,0.052,4.0,10.0,0.99356,0.7,12.8,7.0
-0.43307160005628376,-0.4692063358197093,0.03613473576342552,0.31,2.8,0.07,4.0,15.0,0.99693,0.55,10.3,6.0
2.5355730944181794,2.375981019682797,0.1595920747353825,0.55,2.8,0.072,7.0,24.0,1.00012,0.68,10.9,6.0
1.8189667281668724,2.214932678805296,-0.39596595063842366,0.54,2.8,0.103,19.0,41.0,0.99939,0.76,11.3,6.0
0.9331355748366548,0.7118148306152937,0.22132074422136103,0.19,3.2,0.081,8.0,30.0,0.9984,0.58,10.5,6.0
0.11193264907012979,1.2486426335402947,-1.136709984470165,0.42,1.6,0.084,19.0,27.0,0.99545,0.73,11.9,6.0
-2.252878684869657,-1.918641403717212,-0.3342372811524451,0.0,2.1,0.048,16.0,42.0,0.99154,0.74,14.0,7.0
-1.783056439554331,-0.5228891161122092,-1.2601673234421216,0.34,2.3,0.05,4.0,8.0,0.9951,0.64,11.0,7.0
0.22985198590252237,-0.361840775234709,0.5916927611372313,0.09,2.3,0.065,34.0,45.0,0.99417,0.74,12.7,8.0
-0.5432061617110655,-1.3818136007922108,0.8386074390811453,0.08,2.1,0.071,16.0,24.0,0.99376,0.77,11.1,6.0
-0.5432061617110655,-1.3818136007922108,0.8386074390811453,0.08,2.1,0.071,16.0,24.0,0.99376,0.77,11.1,6.0
-2.150790012408353,-0.95235135845221,-1.1984386539561431,0.28,2.4,0.012,36.0,100.0,0.99064,0.39,11.7,7.0
-2.150790012408353,-0.95235135845221,-1.1984386539561431,0.28,2.4,0.012,36.0,100.0,0.99064,0.39,11.7,7.0
-0.14038947400541457,0.8728631714927935,-1.013252645498208,0.35,1.6,0.075,9.0,28.0,0.99672,0.83,11.2,7.0
1.0754536932653496,1.4096909744177946,-0.3342372811524451,0.47,2.65,0.085,9.0,34.0,0.99736,0.77,12.1,7.0
1.3008691476906764,1.141277072955294,0.1595920747353825,0.45,2.6,0.119,34.0,68.0,0.99708,0.72,10.9,6.0
-0.6181270515062851,0.7654976109077936,-1.3836246624140787,0.46,1.7,0.062,26.0,42.0,0.9959,0.83,10.6,6.0
0.6941362290782856,-0.5765718964047092,1.2707081254829948,0.16,1.8,0.078,12.0,39.0,0.9977,0.7,9.9,6.0
-0.26120836891552257,0.44340092915279317,-0.7046092980683157,0.39,1.5,0.08,41.0,55.0,0.99652,0.73,10.9,6.0
-0.26120836891552257,0.44340092915279317,-0.7046092980683157,0.39,1.5,0.08,41.0,55.0,0.99652,0.73,10.9,6.0
1.1410094718361665,-0.4692063358197093,1.610215807655876,0.02,2.5,0.071,10.0,14.0,0.99538,0.71,11.7,7.0
-0.26120836891552257,0.44340092915279317,-0.7046092980683157,0.39,1.5,0.08,41.0,55.0,0.99652,0.73,10.9,6.0
-1.4690056469928088,-0.14710965406470883,-1.3218959929281,0.34,2.5,0.073,16.0,47.0,0.99594,0.78,11.3,7.0
0.5333490022166518,1.731787656172795,-1.1984386539561431,0.47,1.7,0.054,17.0,32.0,0.99686,0.67,10.6,7.0
-0.36870448650845666,-0.8986685781597101,0.5299640916512535,0.22,1.8,0.074,15.0,24.0,0.99438,0.82,11.2,6.0
1.872257837435572,-1.4354963810847112,3.3077542185202833,0.66,2.0,0.039,15.0,88.0,0.99357,0.6,11.5,6.0
-0.8008051729103061,-0.8986685781597101,0.09786340524940403,0.22,2.3,0.071,13.0,24.0,0.99438,0.83,11.3,6.0
-0.6236650536458487,-0.8449857978672097,0.22132074422136103,0.23,2.0,0.072,13.0,22.0,0.99438,0.84,11.2,6.0
-0.36870448650845666,-0.8986685781597101,0.5299640916512535,0.22,1.8,0.074,15.0,24.0,0.99438,0.82,11.2,6.0
0.49285844223339303,-0.4692063358197093,0.9620647780531023,0.03,2.0,0.08,27.0,43.0,0.99578,0.64,10.9,6.0
1.0712349131567098,-0.4155235555272089,1.4867584686839188,0.01,2.1,0.064,31.0,43.0,0.99371,0.57,11.8,6.0
-1.2945039717902003,0.33603536856779237,-1.6305393403579926,0.37,1.6,0.067,6.0,10.0,0.99552,0.58,11.1,7.0
0.45275955327393547,1.0339115123702942,-0.5811519590963588,0.46,2.1,0.104,6.0,10.0,0.99664,0.65,11.8,7.0
-0.8382656178079154,0.1749870276902926,-1.013252645498208,0.4,2.8,0.109,7.0,16.0,0.99614,0.79,11.8,7.0
1.0712349131567098,-0.4155235555272089,1.4867584686839188,0.01,2.1,0.064,31.0,43.0,0.99371,0.57,11.8,6.0
1.0135944667714378,0.1749870276902926,0.8386074390811453,0.19,4.0,0.094,30.0,69.0,0.99787,0.5,10.0,6.0
1.0175521328642096,-0.4692063358197093,1.4867584686839188,0.0,2.1,0.068,30.0,35.0,0.99533,0.65,11.4,6.0
-1.052996738977916,-0.03974409347970804,-1.013252645498208,0.29,3.1,0.194,14.0,26.0,0.99536,0.78,12.0,6.0
1.0135944667714378,0.1749870276902926,0.8386074390811453,0.19,4.0,0.094,30.0,69.0,0.99787,0.5,10.0,6.0
2.2938047475900287,0.2823525882752924,2.0114521593147363,0.12,2.4,0.083,8.0,28.0,0.99836,0.65,10.4,6.0
1.4780092669551332,1.1949598532477939,0.2830494137073395,0.38,2.6,0.066,29.0,56.0,0.99577,0.79,12.1,7.0
-0.3069758170224788,-0.8986685781597101,0.5916927611372313,0.0,2.5,0.072,32.0,64.0,0.99491,0.56,11.2,6.0
0.7238118987982838,0.8728631714927935,-0.14905127269450963,0.23,1.9,0.082,10.0,18.0,0.99774,0.65,9.3,6.0
0.2781273210633929,-0.6839374569897094,0.9620647780531023,0.03,2.2,0.08,17.0,88.0,0.99745,0.58,9.8,6.0
-0.022470137173021487,-0.7376202372822098,0.7151501001091883,0.01,2.3,0.08,27.0,43.0,0.9955,0.58,10.7,6.0
-1.106679519270416,-0.09342687377220796,-1.013252645498208,0.39,2.4,0.078,17.0,43.0,0.99444,0.77,12.5,7.0
-0.022470137173021487,-0.7376202372822098,0.7151501001091883,0.01,2.3,0.08,27.0,43.0,0.9955,0.58,10.7,6.0
-1.106679519270416,-0.09342687377220796,-1.013252645498208,0.39,2.4,0.078,17.0,43.0,0.99444,0.77,12.5,7.0
0.41635721639138235,-0.5765718964047092,0.9929291127960915,0.1,2.4,0.08,16.0,33.0,0.99736,0.69,10.8,7.0
0.41635721639138235,-0.5765718964047092,0.9929291127960915,0.1,2.4,0.08,16.0,33.0,0.99736,0.69,10.8,7.0
-0.1835184780505218,-0.8986685781597101,0.7151501001091883,0.06,6.0,0.06,11.0,18.0,0.9962,0.59,10.8,7.0
-0.1835184780505218,-0.8986685781597101,0.7151501001091883,0.06,6.0,0.06,11.0,18.0,0.9962,0.59,10.8,7.0
-0.7444839485559575,-1.274448040207211,0.5299640916512535,0.0,2.2,0.079,6.0,9.0,0.9948,0.54,11.5,6.0
-0.2935224826973697,-0.5765718964047092,0.2830494137073395,0.13,2.4,0.078,34.0,61.0,0.99528,0.59,10.8,6.0
-1.6743716569384066,-0.6302546766972096,-1.0441169802411971,0.39,1.2,0.059,7.0,11.0,0.99331,0.52,11.5,6.0
-0.13775102994356558,0.44340092915279317,-0.5811519590963588,0.48,3.8,0.132,3.0,11.0,0.99577,0.57,13.2,6.0
-0.8624032853883508,0.33603536856779237,-1.1984386539561431,0.46,9.0,0.114,3.0,9.0,0.99901,0.6,10.9,6.0
0.7318577879917624,0.8191803912002935,-0.08732260320853114,0.44,2.9,0.065,4.0,8.0,0.99674,0.62,12.2,6.0
0.008524754577902027,0.49708370944529306,-0.48855895486739104,0.46,4.6,0.094,3.0,10.0,0.99639,0.64,12.2,7.0
-1.6743716569384066,-0.6302546766972096,-1.0441169802411971,0.39,1.2,0.059,7.0,11.0,0.99331,0.52,11.5,6.0
-0.9147668436499269,0.0676214671052918,-0.9823883107552187,0.4,2.2,0.079,3.0,6.0,0.99512,0.67,11.9,6.0
-1.2946345287981338,-0.8986685781597101,-0.39596595063842366,0.31,8.8,0.084,26.0,45.0,0.99824,0.64,10.1,6.0
-0.7443533915480238,-0.03974409347970804,-0.7046092980683157,0.32,2.2,0.081,32.0,79.0,0.9964,0.72,11.0,6.0
0.8605920150874158,-0.03974409347970804,0.9003361085671239,0.12,1.8,0.072,38.0,46.0,0.99504,0.89,11.8,6.0
-0.7443533915480238,-0.03974409347970804,-0.7046092980683157,0.32,2.2,0.081,32.0,79.0,0.9964,0.72,11.0,6.0
0.8605920150874158,-0.03974409347970804,0.9003361085671239,0.12,1.8,0.072,38.0,46.0,0.99504,0.89,11.8,6.0
-1.2946345287981338,-0.8986685781597101,-0.39596595063842366,0.31,8.8,0.084,26.0,45.0,0.99824,0.64,10.1,6.0
-1.5011892037667225,0.0676214671052918,-1.5688106708720142,0.36,1.9,0.064,53.0,77.0,0.99604,0.87,11.0,7.0
-0.948269622454764,0.49708370944529306,-1.445353331900057,0.33,2.3,0.061,52.0,73.0,0.99786,0.9,10.2,6.0
-0.7684910591284593,0.12130424739779172,-0.8897953065262509,0.38,3.3,0.063,10.0,19.0,0.99468,0.73,12.0,7.0
-0.926900955944111,-0.4692063358197093,-0.45769462012440176,0.29,1.9,0.078,29.0,66.0,0.9971,0.59,9.5,6.0
-0.8999942872938939,0.1749870276902926,-1.0749813149841865,0.38,2.3,0.06,19.0,72.0,0.99543,0.72,11.8,6.0
-0.8999942872938939,0.1749870276902926,-1.0749813149841865,0.38,2.3,0.06,19.0,72.0,0.99543,0.72,11.8,6.0
-1.2650894160860682,-0.6839374569897094,-0.5811519590963588,0.38,2.8,0.068,23.0,42.0,0.99356,0.72,12.9,7.0
-0.285346036495958,0.6044492700302929,-0.8897953065262509,0.52,2.2,0.074,13.0,25.0,0.99509,0.76,12.4,7.0
-0.494669712534328,0.7654976109077936,-1.2601673234421216,0.49,5.0,0.082,9.0,17.0,0.99484,0.52,12.5,7.0
0.6003545598263269,0.8728631714927935,-0.2725086116664666,0.4,2.6,0.092,13.0,52.0,0.99834,0.64,10.0,7.0
0.8714069053506762,0.7118148306152937,0.1595920747353825,0.34,2.3,0.094,10.0,45.0,0.99864,0.6,9.7,7.0
-1.1684081887563944,-0.09342687377220796,-1.0749813149841865,0.49,3.8,0.09,11.0,24.0,0.99498,0.64,12.1,7.0
0.7157660096048052,0.9265459517852933,-0.21077994218048812,0.42,2.0,0.071,7.0,20.0,0.99566,0.79,11.1,7.0
0.7157660096048052,0.9265459517852933,-0.21077994218048812,0.58,4.1,0.092,11.0,24.0,0.99745,0.99,12.0,7.0
-1.291865527728351,-0.09342687377220796,-1.1984386539561431,0.48,2.1,0.093,6.0,12.0,0.99408,0.62,12.4,7.0
-1.957427557749006,0.22866980798279252,-2.1860973657317984,0.45,1.8,0.075,10.0,21.0,0.99552,0.76,11.9,7.0
-1.957427557749006,0.22866980798279252,-2.1860973657317984,0.45,1.8,0.075,10.0,21.0,0.99552,0.76,11.9,7.0
-1.957427557749006,0.22866980798279252,-2.1860973657317984,0.45,1.8,0.075,10.0,21.0,0.99552,0.76,11.9,7.0
-1.291865527728351,-0.09342687377220796,-1.1984386539561431,0.48,2.1,0.093,6.0,12.0,0.99408,0.62,12.4,7.0
-1.1603622995629168,-0.14710965406470883,-1.013252645498208,0.4,2.2,0.058,6.0,10.0,0.99536,0.68,11.2,7.0
0.09847931474502092,0.9265459517852933,-0.8280666370402724,0.48,2.1,0.052,5.0,9.0,0.99458,0.69,12.1,7.0
-0.741714947486176,-0.4692063358197093,-0.2725086116664666,0.4,2.7,0.082,6.0,11.0,0.99538,0.54,12.2,6.0
-0.4222567097930233,0.2823525882752924,-0.7046092980683157,0.52,2.1,0.111,5.0,10.0,0.99568,0.62,11.3,6.0
-0.09211413884454434,0.550766489737793,-0.6428806285823373,0.52,2.0,0.088,12.0,51.0,0.99613,0.58,11.1,6.0
-0.5217069381924788,-1.1133996993297102,0.5916927611372313,0.12,2.3,0.12,25.0,36.0,0.99519,0.71,11.3,7.0
-0.011655246909761097,0.013938686812791881,-0.02559393372255298,0.27,1.9,0.058,18.0,38.0,0.99518,0.85,11.1,6.0
-1.085180295751829,0.1749870276902926,-1.2601673234421216,0.39,2.0,0.1,20.0,27.0,0.99546,0.69,11.2,6.0
-0.011655246909761097,0.013938686812791881,-0.02559393372255298,0.27,1.9,0.058,18.0,38.0,0.99518,0.85,11.1,6.0
-0.9214935108124803,-0.09342687377220796,-0.8280666370402724,0.4,2.4,0.065,24.0,48.0,0.99554,0.86,11.0,6.0
-0.29879937082106633,0.2823525882752924,-0.5811519590963588,0.41,2.4,0.103,6.0,10.0,0.99604,0.58,11.9,7.0
-0.17534203184910935,0.2823525882752924,-0.45769462012440176,0.43,2.4,0.068,29.0,46.0,0.9943,0.6,12.2,6.0
-0.2879844805578058,1.0339115123702942,-1.3218959929281,0.48,1.9,0.066,6.0,10.0,0.99724,0.87,10.9,6.0
-0.2879844805578058,1.0339115123702942,-1.3218959929281,0.48,1.9,0.066,6.0,10.0,0.99724,0.87,10.9,6.0
0.2917112123964347,0.8728631714927935,-0.5811519590963588,0.5,2.4,0.104,6.0,13.0,0.99643,0.65,11.6,7.0
-0.7148082788359583,0.1749870276902926,-0.8897953065262509,0.41,5.9,0.073,7.0,13.0,0.99658,0.62,12.1,7.0
-1.2489976376991114,-0.7913030175747098,-0.45769462012440176,0.32,3.6,0.061,9.0,29.0,0.99416,0.49,11.3,7.0
0.4956274433031749,0.33603536856779237,0.1595920747353825,0.3,1.9,0.065,8.0,17.0,0.99774,0.71,10.5,6.0
-0.3472052629898701,-0.6302546766972096,0.2830494137073395,0.32,2.1,0.07,51.0,70.0,0.99418,0.82,12.9,6.0
0.4956274433031749,0.33603536856779237,0.1595920747353825,0.3,1.9,0.065,8.0,17.0,0.99774,0.71,10.5,6.0
0.0768495342185006,-0.5765718964047092,0.6534214306232098,0.0,2.0,0.064,7.0,11.0,0.99562,0.58,11.3,6.0
-0.11625180642497868,0.7118148306152937,-0.8280666370402724,0.39,1.4,0.066,3.0,7.0,0.9947,0.55,11.4,7.0
-0.4477135994043828,0.6581320503227928,-1.1058456497271756,0.4,1.5,0.073,14.0,21.0,0.99556,0.51,10.9,6.0
-1.5174115391616119,-1.0597169190372102,-0.45769462012440176,0.1,2.0,0.076,30.0,47.0,0.99554,0.48,9.4,6.0
0.3613552140679579,-0.4155235555272089,0.7768787695951668,0.06,2.0,0.079,19.0,41.0,0.99697,0.62,10.1,6.0
-0.39561115515867384,-1.5428619416697116,1.1472507865110377,0.0,2.2,0.087,3.0,11.0,0.99378,0.63,12.8,7.0
-0.39561115515867384,-1.5428619416697116,1.1472507865110377,0.0,2.2,0.087,3.0,11.0,0.99378,0.63,12.8,7.0
2.4870366452414423,0.22866980798279252,2.2583668372586496,0.34,1.4,0.05,4.0,10.0,0.99554,0.48,9.1,6.0
0.21903709563926244,-1.1133996993297102,1.3324367949689726,0.0,1.65,0.055,7.0,12.0,0.99162,0.53,12.9,6.0
-0.7953977277786759,-0.5228891161122092,-0.2725086116664666,0.3,2.2,0.062,6.0,12.0,0.99495,0.72,11.5,7.0
-8.403566465007284E-4,0.7654976109077936,-0.7663379675542943,0.38,1.5,0.058,31.0,47.0,0.99676,0.82,10.6,7.0
-0.8006746159023725,0.33603536856779237,-1.136709984470165,0.33,2.05,0.063,13.0,27.0,0.99516,0.84,11.7,7.0
-1.603277876228026,-0.8986685781597101,-0.7046092980683157,0.32,1.8,0.067,4.0,8.0,0.9928,0.55,12.8,7.0
-1.603277876228026,-0.8986685781597101,-0.7046092980683157,0.32,1.8,0.067,4.0,8.0,0.9928,0.55,12.8,7.0
-0.8006746159023725,0.33603536856779237,-1.136709984470165,0.33,2.05,0.063,13.0,27.0,0.99516,0.84,11.7,7.0
-0.7389459464163941,0.33603536856779237,-1.0749813149841865,0.34,2.0,0.064,12.0,25.0,0.99516,0.84,11.7,7.0
-0.5376681595715018,0.22866980798279252,-0.7663379675542943,0.4,3.6,0.11,12.0,24.0,0.99549,0.7,12.0,7.0
-0.9697688459733507,0.22866980798279252,-1.1984386539561431,0.45,1.7,0.067,7.0,12.0,0.99354,0.55,12.3,7.0
-0.7228541680294369,0.22866980798279252,-0.9515239760122295,0.31,2.0,0.088,12.0,19.0,0.9957,0.55,10.4,6.0
0.9330050178287205,-0.5228891161122092,1.4558941339409297,0.0,1.6,0.092,22.0,31.0,0.99635,0.58,10.0,6.0
0.3989462159735011,-0.2544752146497087,0.6534214306232098,0.16,2.0,0.12,3.0,7.0,0.99454,0.58,11.2,6.0
0.5681710030524139,1.0875942926627942,-0.5194232896103803,0.46,2.2,0.075,14.0,27.0,0.99598,0.84,11.4,6.0
-0.35248215111356623,0.22866980798279252,-0.5811519590963588,0.4,2.2,0.068,12.0,28.0,0.99486,0.75,12.6,7.0
-2.0702005634656366,-0.2544752146497087,-1.8157253488159277,0.37,0.9,0.049,36.0,109.0,0.99007,0.44,12.7,6.0
-2.0702005634656366,-0.2544752146497087,-1.8157253488159277,0.37,0.9,0.049,36.0,109.0,0.99007,0.44,12.7,6.0
0.8124472369344796,1.5170565350027954,-0.7046092980683157,0.66,2.4,0.123,3.0,8.0,0.99642,0.53,11.9,6.0
0.8124472369344796,1.5170565350027954,-0.7046092980683157,0.66,2.4,0.123,3.0,8.0,0.99642,0.53,11.9,6.0
-1.0986336300769384,-0.14710965406470883,-0.9515239760122295,0.42,2.3,0.098,3.0,9.0,0.99506,0.55,12.3,6.0
0.2378978750960009,-0.4155235555272089,0.6534214306232098,0.01,1.8,0.088,12.0,18.0,0.99568,0.56,10.5,7.0
2.2642596348779627,0.0676214671052918,2.196638167772671,0.0,2.8,0.095,17.0,43.0,0.99822,0.6,10.4,6.0
-1.3214106404404167,-0.3081579949422086,-1.013252645498208,0.32,1.9,0.066,14.0,36.0,0.99364,0.56,12.6,6.0
-1.5120040940299817,-0.6839374569897094,-0.8280666370402724,0.21,2.5,0.075,41.0,68.0,0.99586,0.54,10.1,6.0
0.2378978750960009,-0.4155235555272089,0.6534214306232098,0.01,1.8,0.088,12.0,18.0,0.99568,0.56,10.5,7.0
-0.022470137173021487,-0.7376202372822098,0.7151501001091883,0.0,2.1,0.091,9.0,14.0,0.99488,0.55,11.5,7.0
-0.16201925453193455,-0.6302546766972096,0.46823542216527503,0.01,1.8,0.093,9.0,15.0,0.99514,0.58,11.0,7.0
0.06880364502502212,-0.5228891161122092,0.5916927611372313,0.08,2.6,0.089,14.0,27.0,0.99592,0.59,10.4,6.0
1.9006142851246468,0.22866980798279252,1.6719444771418543,0.18,2.5,0.077,15.0,48.0,0.99739,0.47,9.7,6.0
0.22998254291045617,0.8728631714927935,-0.6428806285823373,0.34,2.4,0.085,5.0,17.0,0.99683,0.65,10.6,7.0
-1.4824589813179174,-0.4692063358197093,-1.013252645498208,0.34,2.5,0.082,26.0,35.0,0.99356,0.59,12.5,7.0
-0.27466170324063194,0.12130424739779172,-0.39596595063842366,0.41,6.2,0.078,25.0,42.0,0.9953,0.77,12.6,7.0
0.388261882718175,0.22866980798279252,0.1595920747353825,0.21,2.2,0.088,21.0,39.0,0.99692,0.83,11.1,6.0
-0.7471223926178057,-0.8449857978672097,0.09786340524940403,0.19,1.7,0.079,13.0,26.0,0.99547,0.64,9.8,6.0
0.388261882718175,0.22866980798279252,0.1595920747353825,0.21,2.2,0.088,21.0,39.0,0.99692,0.83,11.1,6.0
0.03134320012741265,0.550766489737793,-0.5194232896103803,0.41,8.9,0.069,18.0,39.0,0.99859,0.81,10.9,7.0
-1.6328229889400905,-1.1133996993297102,-0.5194232896103803,0.33,3.3,0.046,12.0,53.0,0.99294,0.62,12.2,6.0
-1.0557657400476979,-0.8449857978672097,-0.21077994218048812,0.0,1.4,0.07,32.0,38.0,0.99438,0.58,11.4,6.0
1.4187884845230698,-0.4692063358197093,1.8879948203427792,0.0,1.7,0.076,33.0,45.0,0.99612,0.62,10.7,6.0
0.5412643344021972,0.44340092915279317,0.09786340524940403,0.36,1.7,0.081,3.0,14.0,0.99702,0.78,10.9,6.0
0.6029930038881757,0.44340092915279317,0.1595920747353825,0.36,1.8,0.084,6.0,17.0,0.99704,0.77,10.8,6.0
-0.9832221802984589,-0.09342687377220796,-0.8897953065262509,0.42,2.3,0.07,9.0,20.0,0.99426,0.77,12.7,7.0
0.8766837934743721,-0.14710965406470883,1.0237934475390809,0.27,2.0,0.095,5.0,77.0,0.99747,0.62,9.1,6.0
0.8766837934743721,-0.14710965406470883,1.0237934475390809,0.27,2.0,0.095,5.0,77.0,0.99747,0.62,9.1,6.0
0.26480454374621804,0.22866980798279252,0.03613473576342552,0.53,4.0,0.101,3.0,10.0,0.99586,0.59,12.1,7.0
1.1102756941011116,0.7654976109077936,0.34477808319331804,0.57,2.4,0.093,30.0,52.0,0.9971,0.76,11.6,7.0
0.26480454374621804,0.22866980798279252,0.03613473576342552,0.53,4.0,0.101,3.0,10.0,0.99586,0.59,12.1,7.0
0.17102287449425968,1.678104875880295,-1.5070820013860353,0.57,1.8,0.074,3.0,8.0,0.9981,0.7,9.9,6.0
-0.1216592515566094,0.33603536856779237,-0.45769462012440176,0.5,1.8,0.071,7.0,16.0,0.99462,0.69,12.5,8.0
-0.8356271737460674,-0.2544752146497087,-0.5811519590963588,0.44,1.9,0.098,6.0,15.0,0.9956,0.64,11.4,6.0
-0.2101640326848716,0.9265459517852933,-1.136709984470165,0.65,2.4,0.075,6.0,17.0,0.99565,0.63,11.8,6.0
1.4939704883341565,-0.14710965406470883,1.6410801423988652,0.09,2.0,0.067,5.0,10.0,0.99418,0.57,11.8,6.0
0.42308388355393645,-0.4155235555272089,0.8386074390811453,0.18,2.4,0.083,6.0,20.0,0.9963,0.6,10.2,6.0
-0.722984725037371,-1.0060341387447105,0.2830494137073395,0.08,2.4,0.07,13.0,26.0,0.99358,0.72,12.5,7.0
0.3964383289195865,1.4096909744177946,-1.013252645498208,0.53,2.2,0.06,3.0,10.0,0.99572,0.83,10.9,7.0
0.3964383289195865,1.4096909744177946,-1.013252645498208,0.53,2.2,0.06,3.0,10.0,0.99572,0.83,10.9,7.0
-0.4463943773734578,0.44340092915279317,-0.8897953065262509,0.45,1.5,0.057,19.0,37.0,0.99498,0.89,11.1,7.0
-1.4502754245440037,-0.6839374569897094,-0.7663379675542943,0.26,1.8,0.083,33.0,75.0,0.9968,0.58,9.5,6.0
0.6458608939174152,-0.2544752146497087,0.9003361085671239,0.33,2.7,0.088,16.0,37.0,0.9972,0.58,10.7,6.0
-1.0475892938462863,0.33603536856779237,-1.3836246624140787,0.34,2.0,0.071,45.0,67.0,0.99769,0.86,10.2,7.0
-0.18602636510443593,0.7654976109077936,-0.9515239760122295,0.56,2.0,0.073,3.0,8.0,0.99534,0.73,11.4,6.0
-1.383139309926395,-0.3081579949422086,-1.0749813149841865,0.68,8.3,0.05,38.0,278.0,0.99316,0.51,12.3,7.0
-0.2799385913643273,0.9802287320777943,-1.2601673234421216,0.56,1.4,0.047,3.0,8.0,0.99471,0.51,11.8,6.0
-1.383139309926395,-0.3081579949422086,-1.0749813149841865,0.68,8.3,0.05,38.0,289.0,0.99316,0.51,12.3,7.0
-1.2650894160860682,-0.6839374569897094,-0.5811519590963588,0.3,1.8,0.073,31.0,70.0,0.99685,0.59,9.5,6.0
-0.2129330337546534,0.12130424739779172,-0.3342372811524451,0.45,2.4,0.072,32.0,59.0,0.99617,0.77,12.0,6.0
-1.2650894160860682,-0.6839374569897094,-0.5811519590963588,0.3,1.8,0.073,31.0,70.0,0.99685,0.59,9.5,6.0
-0.8141279502274805,0.013938686812791881,-0.8280666370402724,0.4,4.7,0.055,3.0,9.0,0.99738,0.66,11.6,7.0
-2.0621546742721577,-0.3081579949422086,-1.7539966793299493,0.42,1.6,0.057,18.0,30.0,0.994,0.69,11.2,6.0
1.2821389252418713,1.678104875880295,-0.39596595063842366,0.54,1.5,0.095,22.0,41.0,0.99735,0.76,9.9,7.0
1.2821389252418713,1.678104875880295,-0.39596595063842366,0.54,1.5,0.095,22.0,41.0,0.99735,0.76,9.9,7.0
-0.5027156017278065,0.8191803912002935,-1.3218959929281,0.54,1.9,0.083,42.0,74.0,0.99451,0.63,11.8,8.0
-1.136224631982481,-0.3081579949422086,-0.8280666370402724,0.42,2.0,0.086,8.0,19.0,0.99546,0.6,11.4,6.0
-0.38479626489541324,-0.7913030175747098,0.40650675267929653,0.09,2.0,0.081,10.0,16.0,0.99479,0.59,11.5,6.0
-0.6235344966379157,0.38971814886029227,-1.013252645498208,0.36,2.2,0.079,11.0,31.0,0.99615,0.86,12.0,7.0
0.542452999425187,-1.0060341387447105,1.5484871381698975,0.09,5.5,0.117,9.0,17.0,0.99655,0.49,10.8,6.0
0.542452999425187,-1.0060341387447105,1.5484871381698975,0.09,5.5,0.117,9.0,17.0,0.99655,0.49,10.8,6.0
-1.2677278601479167,-0.2544752146497087,-1.013252645498208,0.45,2.1,0.216,5.0,16.0,0.99358,0.81,12.5,7.0
-0.8678107305199805,-0.03974409347970804,-0.8280666370402724,0.42,2.1,0.072,23.0,36.0,0.99392,0.78,12.4,6.0
-0.47870849115530517,-0.5765718964047092,0.09786340524940403,0.27,2.1,0.071,14.0,25.0,0.99388,0.63,12.0,6.0
-1.2383133044437855,-1.274448040207211,0.03613473576342552,0.09,1.7,0.078,18.0,30.0,0.99402,0.54,11.2,6.0
-0.47870849115530517,-0.5765718964047092,0.09786340524940403,0.27,2.1,0.071,14.0,25.0,0.99388,0.63,12.0,6.0
-0.21834047888628316,-0.2544752146497087,0.03613473576342552,0.34,2.2,0.073,16.0,25.0,0.9936,0.66,12.4,6.0
-1.654191655450744,-0.14710965406470883,-1.5070820013860353,0.42,1.9,0.069,9.0,17.0,0.99376,0.54,12.3,6.0
-0.7389459464163941,0.33603536856779237,-1.0749813149841865,0.41,2.0,0.068,10.0,24.0,0.99523,0.85,11.7,7.0
1.2230486998177417,1.2486426335402947,-0.02559393372255298,0.43,2.1,0.171,27.0,66.0,0.9982,0.76,10.8,6.0
0.2513512094211101,-0.09342687377220796,0.34477808319331804,0.0,1.4,0.07,6.0,14.0,0.99593,0.64,10.0,6.0
-1.9844647834071565,-1.6502275022547113,-0.3342372811524451,0.27,2.0,0.092,23.0,55.0,0.99471,0.64,12.3,7.0
-1.1979533014684596,-0.3081579949422086,-0.8897953065262509,0.41,1.5,0.056,6.0,35.0,0.99396,0.71,11.0,6.0
-1.2166835239172646,0.22866980798279252,-1.445353331900057,0.39,1.6,0.074,3.0,10.0,0.99698,0.59,9.5,6.0
-2.3226532435491136,-1.864958623424712,-0.45769462012440176,0.5,4.3,0.046,29.0,80.0,0.9902,0.66,13.6,6.0
0.5411337773942628,-0.7913030175747098,1.3324367949689726,0.07,2.5,0.091,15.0,21.0,0.99572,0.6,11.3,6.0
0.5411337773942628,-0.7913030175747098,1.3324367949689726,0.07,2.5,0.091,15.0,21.0,0.99572,0.6,11.3,6.0
0.5411337773942628,-0.7913030175747098,1.3324367949689726,0.07,2.5,0.091,15.0,21.0,0.99572,0.6,11.3,6.0
-1.2570435268925901,-0.7376202372822098,-0.5194232896103803,0.12,2.1,0.065,14.0,24.0,0.99252,0.53,13.3,6.0
0.09834875773708796,-0.3081579949422086,0.40650675267929653,0.34,2.5,0.076,8.0,17.0,0.99235,0.72,13.1,8.0
-0.846442064009328,-1.0060341387447105,0.1595920747353825,0.0,1.8,0.062,21.0,28.0,0.99352,0.55,12.3,6.0
-1.1926764133447636,-1.1670824796222106,-0.02559393372255298,0.0,1.4,0.055,27.0,33.0,0.9922,0.48,12.3,6.0
0.7372652331233921,1.1949598532477939,-0.45769462012440176,0.37,1.9,0.081,17.0,29.0,0.99674,0.65,11.2,6.0
-1.2703663042097646,0.1749870276902926,-1.445353331900057,0.35,1.7,0.055,13.0,27.0,0.99394,0.59,11.3,7.0
-2.572206365554876,-1.4354963810847112,-1.136709984470165,0.26,1.7,0.063,3.0,11.0,0.9915,0.54,13.5,6.0
0.5974550017486115,-1.1670824796222106,1.7645374813708221,0.0,2.9,0.072,26.0,52.0,0.99379,0.6,11.5,6.0
0.8150856809963276,1.0875942926627942,-0.2725086116664666,0.35,3.3,0.092,24.0,70.0,0.99798,0.69,10.5,6.0
1.1129141381629593,0.33603536856779237,0.7768787695951668,0.0,1.9,0.058,5.0,10.0,0.9977,0.63,10.4,6.0
-1.281181194473025,-0.5765718964047092,-0.7046092980683157,0.34,1.8,0.075,18.0,38.0,0.9933,0.88,13.6,7.0
-0.6478027212262839,-0.6839374569897094,0.03613473576342552,0.07,5.5,0.089,10.0,18.0,0.99684,0.68,11.2,7.0
-1.1844999671433512,0.013938686812791881,-1.1984386539561431,0.35,1.7,0.061,6.0,15.0,0.99524,0.74,11.8,7.0
-1.6380998770637873,-0.2544752146497087,-1.3836246624140787,0.43,1.7,0.067,22.0,50.0,0.9946,0.6,11.9,6.0
1.3169609260776336,1.0339115123702942,0.2830494137073395,0.45,2.0,0.08,6.0,13.0,0.99774,0.76,11.4,6.0
1.3169609260776336,1.0339115123702942,0.2830494137073395,0.45,2.0,0.08,6.0,13.0,0.99774,0.76,11.4,6.0
0.0742110901566522,-0.14710965406470883,0.22132074422136103,0.24,2.0,0.079,16.0,86.0,0.99764,0.64,9.5,6.0
-1.0879492968216113,-0.6302546766972096,-0.45769462012440176,0.3,1.7,0.08,33.0,79.0,0.9969,0.65,9.5,6.0
-0.7282616131610675,-0.14710965406470883,-0.5811519590963588,0.32,2.5,0.08,24.0,71.0,0.99624,0.85,11.0,6.0
-0.9940370705617194,-0.8449857978672097,-0.14905127269450963,0.11,2.4,0.043,6.0,12.0,0.99354,0.65,11.4,6.0
-2.3601136884467238,-0.7913030175747098,-1.5688106708720142,0.3,1.8,0.065,16.0,20.0,0.99672,0.82,10.0,6.0
-1.8393776639086796,-0.14710965406470883,-1.6922680098439709,0.43,2.5,0.076,31.0,51.0,0.99672,0.81,10.4,6.0
-0.20224870049932647,-0.361840775234709,0.1595920747353825,0.12,1.8,0.178,6.0,21.0,0.996,0.87,9.8,6.0
0.42321444056186985,0.8191803912002935,-0.39596595063842366,0.45,6.2,0.071,6.0,14.0,0.99702,0.49,11.8,7.0
-0.8812640648450893,-0.361840775234709,-0.5194232896103803,0.42,2.0,0.086,9.0,21.0,0.99526,0.66,11.6,6.0
0.052842423645999226,0.8191803912002935,-0.7663379675542943,0.47,2.0,0.061,6.0,11.0,0.99585,0.52,12.0,6.0
-1.0369049605909597,-0.14710965406470883,-0.8897953065262509,0.32,2.8,0.067,4.0,12.0,0.99473,0.76,12.8,7.0
-0.6210266095840011,-1.274448040207211,0.6534214306232098,0.23,2.5,0.044,16.0,70.0,0.99352,0.65,12.5,6.0
0.2702119888778478,0.6044492700302929,-0.3342372811524451,0.35,2.1,0.083,17.0,38.0,0.99622,0.66,11.1,6.0
-0.3526127081215007,-1.0060341387447105,0.6534214306232098,0.0,2.2,0.1,50.0,63.0,0.99544,0.68,11.4,6.0
-1.8017866620031358,0.013938686812791881,-1.8157253488159277,0.51,1.75,0.071,45.0,88.0,0.99524,0.76,11.8,7.0
-1.589955098910851,-1.811275843132212,0.22132074422136103,0.18,2.1,0.042,16.0,101.0,0.9924,0.87,12.9,7.0
-1.3483173090906337,-0.95235135845221,-0.39596595063842366,0.43,2.8,0.076,22.0,54.0,0.99572,1.16,10.6,6.0
0.43666777488697817,1.141277072955294,-0.7046092980683157,0.57,2.3,0.087,6.0,20.0,0.99676,0.72,11.1,7.0
0.02593575499578296,0.1749870276902926,-0.14905127269450963,0.43,1.4,0.076,12.0,21.0,0.99551,0.75,10.2,6.0
-0.9375852891994376,0.013938686812791881,-0.9515239760122295,0.42,2.3,0.075,12.0,19.0,0.99434,0.71,11.8,7.0
-1.0369049605909597,-0.14710965406470883,-0.8897953065262509,0.39,2.5,0.074,29.0,48.0,0.99528,0.88,12.4,7.0
-1.8877835560774825,-1.0597169190372102,-0.8280666370402724,0.27,2.8,0.067,8.0,44.0,0.99384,0.56,12.0,6.0
-0.30961426108432677,-0.4692063358197093,0.1595920747353825,0.29,2.3,0.086,5.0,14.0,0.99502,0.62,11.5,6.0
-0.31489114920802347,0.38971814886029227,-0.7046092980683157,0.34,1.6,0.062,5.0,12.0,0.99667,0.67,10.5,6.0
-0.022470137173021487,-0.7376202372822098,0.7151501001091883,0.0,2.2,0.078,26.0,44.0,0.99522,0.68,10.8,6.0
0.32389476917034765,0.6581320503227928,-0.3342372811524451,0.46,2.1,0.074,5.0,16.0,0.99649,0.74,12.3,6.0
-1.173815633888025,-0.4692063358197093,-0.7046092980683157,0.31,1.7,0.079,26.0,65.0,0.99716,0.62,9.5,6.0
-1.173815633888025,-0.4692063358197093,-0.7046092980683157,0.31,1.7,0.079,26.0,65.0,0.99716,0.62,9.5,6.0
-0.2211094799560649,-1.0597169190372102,0.8386074390811453,0.0,2.2,0.095,48.0,59.0,0.99541,0.7,11.5,6.0
0.4096305492288279,-0.7376202372822098,1.1472507865110377,0.0,2.4,0.052,6.0,11.0,0.99318,0.66,12.7,7.0
-0.9134476216190031,-0.14710965406470883,-0.7663379675542943,0.33,2.4,0.076,11.0,47.0,0.99599,0.81,11.0,6.0
-0.9134476216190031,-0.14710965406470883,-0.7663379675542943,0.33,2.4,0.076,11.0,47.0,0.99599,0.81,11.0,6.0
0.46885133166089155,0.9265459517852933,-0.45769462012440176,0.4,2.5,0.068,41.0,54.0,0.99754,0.86,10.5,6.0
-1.0638116292411763,-0.7913030175747098,-0.2725086116664666,0.3,2.0,0.085,6.0,39.0,0.99346,0.46,11.9,6.0
-1.0638116292411763,-0.7913030175747098,-0.2725086116664666,0.3,2.0,0.085,6.0,39.0,0.99346,0.46,11.9,6.0
-0.1216592515566094,0.33603536856779237,-0.45769462012440176,0.57,4.6,0.08,6.0,20.0,0.99652,0.57,12.5,6.0
-2.067562119403788,-0.6839374569897094,-1.3836246624140787,0.37,2.5,0.063,11.0,41.0,0.99439,0.8,12.4,7.0
0.8806414595671446,-0.7913030175747098,1.6719444771418543,0.12,1.8,0.114,15.0,64.0,0.99588,0.59,9.5,6.0
-1.493273871581177,-1.2207652599147105,-0.2725086116664666,0.22,1.8,0.078,21.0,56.0,0.99633,0.6,9.5,6.0
0.3452634356810012,-0.3081579949422086,0.6534214306232098,0.23,2.3,0.076,23.0,94.0,0.99686,0.58,9.5,6.0
0.17616920561002247,-0.4155235555272089,0.5916927611372313,0.21,1.5,0.069,4.0,9.0,0.99458,0.54,9.8,6.0
-1.7374195484553088,-0.4155235555272089,-1.3218959929281,0.26,2.0,0.052,19.0,77.0,0.9951,0.79,10.9,6.0
0.3452634356810012,-0.3081579949422086,0.6534214306232098,0.23,2.3,0.076,23.0,94.0,0.99686,0.58,9.5,6.0
0.17616920561002247,-0.4155235555272089,0.5916927611372313,0.21,1.5,0.069,4.0,9.0,0.99458,0.54,9.8,6.0
-1.136224631982481,-0.3081579949422086,-0.8280666370402724,0.36,1.9,0.065,5.0,10.0,0.99419,0.54,11.2,7.0
-0.2666158140471533,0.0676214671052918,-0.3342372811524451,0.39,1.8,0.068,6.0,12.0,0.99516,0.69,11.7,8.0
-1.3885467550580253,-0.6839374569897094,-0.7046092980683157,0.46,2.1,0.074,24.0,44.0,0.99534,0.85,11.0,7.0
-1.3885467550580253,-0.6839374569897094,-0.7046092980683157,0.46,2.1,0.074,24.0,44.0,0.99534,0.85,11.0,7.0
-1.3885467550580253,-0.6839374569897094,-0.7046092980683157,0.46,2.1,0.074,24.0,44.0,0.99534,0.85,11.0,7.0
-1.3885467550580253,-0.6839374569897094,-0.7046092980683157,0.46,2.1,0.074,24.0,44.0,0.99534,0.85,11.0,7.0
-1.7401885495250908,-1.2207652599147105,-0.5194232896103803,0.43,2.0,0.071,14.0,24.0,0.99428,0.87,11.2,7.0
0.18685353886534917,-0.8986685781597101,1.0855221170250593,0.02,2.1,0.078,8.0,15.0,0.99498,0.62,10.4,6.0
0.18685353886534917,-0.8986685781597101,1.0855221170250593,0.02,2.1,0.078,8.0,15.0,0.99498,0.62,10.4,6.0
0.023297310933934168,0.6044492700302929,-0.5811519590963588,0.42,1.9,0.071,5.0,13.0,0.99659,0.75,10.5,6.0
0.03675064525904237,0.9265459517852933,-0.8897953065262509,0.46,1.9,0.081,6.0,9.0,0.99628,0.48,10.4,6.0
-1.085180295751829,0.1749870276902926,-1.2601673234421216,0.46,2.1,0.095,20.0,29.0,0.99488,0.56,11.3,6.0
0.28353476619502277,-0.3081579949422086,0.5916927611372313,0.31,2.0,0.079,10.0,79.0,0.99677,0.69,9.5,6.0
-0.9751762911049813,-0.14710965406470883,-0.8280666370402724,0.37,1.9,0.057,43.0,74.0,0.99408,0.81,12.0,6.0
-0.6048042741891106,-0.14710965406470883,-0.45769462012440176,0.31,1.9,0.082,8.0,24.0,0.996,0.69,10.6,6.0
-0.2370707013350879,0.2823525882752924,-0.5194232896103803,0.4,1.3,0.044,25.0,50.0,0.99478,0.83,10.9,6.0
0.35080143782056517,1.3023254138327947,-0.9515239760122295,0.52,1.8,0.132,17.0,44.0,0.99734,0.77,11.5,6.0
0.35080143782056517,1.3023254138327947,-0.9515239760122295,0.52,1.8,0.132,17.0,44.0,0.99734,0.77,11.5,6.0
0.1439856488361093,-0.20079243435720875,0.34477808319331804,0.22,2.2,0.078,33.0,89.0,0.99678,0.46,9.6,6.0
0.38298499459447843,1.0875942926627942,-0.7046092980683157,0.47,2.2,0.074,9.0,23.0,0.99638,0.76,12.0,6.0
1.6955093891949158,2.214932678805296,-0.5194232896103803,0.49,2.5,0.08,8.0,20.0,0.9992,0.82,10.3,6.0
-2.145513124284657,-1.811275843132212,-0.3342372811524451,0.0,1.8,0.044,18.0,88.0,0.99157,0.73,13.6,7.0
-2.2312489043431367,-0.4155235555272089,-1.8157253488159277,0.34,2.7,0.066,15.0,58.0,0.9947,0.78,11.8,6.0
0.9651885746026339,-0.7376202372822098,1.7028088118848437,0.01,2.2,0.059,11.0,18.0,0.99242,0.4,12.8,6.0
0.10639464693056605,-0.361840775234709,0.46823542216527503,0.0,1.7,0.07,7.0,17.0,0.99659,0.64,9.4,6.0
0.9651885746026339,-0.7376202372822098,1.7028088118848437,0.01,2.2,0.059,11.0,18.0,0.99242,0.4,12.8,6.0
-0.17534203184910935,0.2823525882752924,-0.45769462012440176,0.41,2.0,0.058,15.0,40.0,0.99414,0.6,12.2,6.0
-2.5185235852623755,-1.3818136007922108,-1.136709984470165,0.25,13.4,0.067,72.0,160.0,0.99721,0.54,10.3,6.0
-1.2409517485056334,-0.8449857978672097,-0.39596595063842366,0.33,2.2,0.081,22.0,36.0,0.9949,0.75,11.1,6.0
0.03925853231295695,-0.7376202372822098,0.7768787695951668,0.01,2.3,0.079,24.0,37.0,0.99514,0.61,10.9,6.0
0.03925853231295695,-0.7376202372822098,0.7768787695951668,0.01,2.3,0.079,24.0,37.0,0.99514,0.61,10.9,6.0
-0.1378815869515,-0.7913030175747098,0.6534214306232098,0.28,4.8,0.085,12.0,69.0,0.99633,0.7,11.0,6.0
0.12512486937937073,-0.8986685781597101,1.0237934475390809,0.0,2.7,0.123,15.0,33.0,0.99538,0.63,11.3,6.0
0.12512486937937073,-0.8986685781597101,1.0237934475390809,0.0,2.7,0.123,15.0,33.0,0.99538,0.63,11.3,6.0
-0.6289419417695454,0.013938686812791881,-0.6428806285823373,0.32,1.8,0.066,26.0,51.0,0.99456,0.72,11.8,6.0
-0.09224469585247808,-0.6839374569897094,0.5916927611372313,0.05,2.3,0.081,16.0,36.0,0.99564,0.6,10.3,6.0
-0.09224469585247808,-0.6839374569897094,0.5916927611372313,0.05,2.3,0.081,16.0,36.0,0.99564,0.6,10.3,6.0
0.7614029007038277,1.0339115123702942,-0.2725086116664666,0.5,2.3,0.068,13.0,19.0,0.996,0.87,11.4,6.0
-1.2409517485056334,-0.8449857978672097,-0.39596595063842366,0.31,2.0,0.079,21.0,51.0,0.99668,0.55,9.5,6.0
-1.4986813167128072,-1.5965447219622113,0.09786340524940403,0.03,1.8,0.044,28.0,87.0,0.9908,0.82,14.0,8.0
-2.4461105825210705,-1.864958623424712,-0.5811519590963588,0.01,1.6,0.048,26.0,60.0,0.99084,0.75,14.0,6.0
-0.8410346188776977,-0.6302546766972096,-0.21077994218048812,0.2,1.6,0.049,24.0,64.0,0.9935,0.57,11.7,6.0
0.2915806553885008,-0.361840775234709,0.6534214306232098,0.13,2.1,0.102,17.0,36.0,0.9944,0.53,11.2,6.0
1.2322832540342101,-0.2544752146497087,1.4867584686839188,0.22,2.3,0.075,13.0,81.0,0.99688,0.54,9.5,6.0
0.5411337773942628,-0.7913030175747098,1.3324367949689726,0.0,1.9,0.114,3.0,10.0,0.99636,0.6,9.7,6.0
1.2322832540342101,-0.2544752146497087,1.4867584686839188,0.22,2.3,0.075,13.0,81.0,0.99688,0.54,9.5,6.0
-0.36316648436889276,0.7118148306152937,-1.0749813149841865,0.39,1.7,0.062,3.0,9.0,0.9948,0.57,11.5,7.0
-0.824942840490741,-0.7376202372822098,-0.08732260320853114,0.2,1.9,0.077,28.0,54.0,0.9956,0.64,10.4,6.0
-0.824942840490741,-0.7376202372822098,-0.08732260320853114,0.2,1.9,0.077,28.0,54.0,0.9956,0.64,10.4,6.0
1.4872438211716028,-0.3081579949422086,1.7954018161138114,0.0,2.0,0.084,9.0,22.0,0.99619,0.68,10.9,6.0
1.083369025450894,0.12130424739779172,0.9620647780531023,0.28,2.7,0.096,17.0,69.0,0.99734,0.63,10.2,6.0
-2.676802925070094,-0.7376202372822098,-1.9391826877878844,0.44,2.5,0.068,17.0,31.0,0.99328,0.54,12.4,6.0
0.8458194587313828,-0.14710965406470883,0.9929291127960915,0.1,2.1,0.073,25.0,60.0,0.99638,0.75,10.9,6.0
-1.8703725556596018,-1.3818136007922108,-0.48855895486739104,0.13,2.4,0.056,14.0,28.0,0.99362,0.67,12.4,6.0
0.8458194587313828,-0.14710965406470883,0.9929291127960915,0.1,2.1,0.073,25.0,60.0,0.99638,0.75,10.9,6.0
-0.3391593737963914,-0.6839374569897094,0.34477808319331804,0.14,2.1,0.064,15.0,29.0,0.99323,0.61,12.1,6.0
-0.7123003917820444,-1.4891791613772112,0.7768787695951668,0.0,1.4,0.063,11.0,18.0,0.99191,0.56,12.2,6.0
-0.7029352805576417,-1.7575930628397116,1.05465778228207,0.0,2.15,0.08,15.0,28.0,0.99444,0.61,12.5,6.0
1.4294728177783966,-0.95235135845221,2.3818241762306065,0.07,2.0,0.1,20.0,57.0,0.99598,0.74,11.7,6.0
-0.30684526001454493,0.33603536856779237,-0.6428806285823373,0.32,2.1,0.064,4.0,15.0,0.99576,0.8,11.2,6.0
-0.8383961748158492,-1.0597169190372102,0.22132074422136103,0.15,3.0,0.064,12.0,27.0,0.9929,0.59,12.8,6.0
-1.4959123156430256,-0.7913030175747098,-0.7046092980683157,0.21,2.3,0.086,20.0,65.0,0.99558,0.54,10.1,6.0
-1.4959123156430256,-0.7913030175747098,-0.7046092980683157,0.21,2.4,0.086,24.0,69.0,0.99556,0.53,10.1,6.0
0.4391756619408931,-0.5228891161122092,0.9620647780531023,0.27,2.0,0.083,17.0,91.0,0.99616,0.58,9.8,6.0
-0.009147359855846027,-1.6502275022547113,1.6410801423988652,0.0,1.2,0.041,16.0,46.0,0.99258,0.59,12.5,6.0
0.5547176687273054,0.7654976109077936,-0.21077994218048812,0.46,2.2,0.091,10.0,41.0,0.99638,0.69,11.9,6.0
0.4391756619408931,-0.5228891161122092,0.9620647780531023,0.27,2.0,0.083,17.0,91.0,0.99616,0.58,9.8,6.0
2.1005728499386143,0.33603536856779237,1.7645374813708221,0.68,1.7,0.414,18.0,64.0,0.99652,1.33,9.1,6.0
-0.22387848102584673,-1.864958623424712,1.6410801423988652,0.0,1.2,0.041,16.0,46.0,0.99258,0.59,12.5,6.0
-0.36857392950052337,0.33603536856779237,-0.7046092980683157,0.39,1.8,0.06,21.0,55.0,0.99495,0.82,11.0,7.0
-1.039673961660741,-0.95235135845221,-0.08732260320853114,0.24,1.7,0.077,18.0,34.0,0.9948,0.6,10.6,6.0
-1.039673961660741,-0.95235135845221,-0.08732260320853114,0.24,1.7,0.077,18.0,34.0,0.9948,0.6,10.6,6.0
-1.039673961660741,-0.95235135845221,-0.08732260320853114,0.24,1.7,0.077,18.0,34.0,0.9948,0.6,10.6,6.0
-1.039673961660741,-0.95235135845221,-0.08732260320853114,0.24,1.7,0.077,18.0,34.0,0.9948,0.6,10.6,6.0
0.2003068731904576,-0.5765718964047092,0.7768787695951668,0.26,2.1,0.083,17.0,91.0,0.99616,0.56,9.8,6.0
0.2003068731904576,-0.5765718964047092,0.7768787695951668,0.26,2.1,0.083,17.0,91.0,0.99616,0.56,9.8,6.0
-0.5591673830900884,-0.03974409347970804,-0.5194232896103803,0.1,1.7,0.075,6.0,25.0,0.99581,0.43,9.7,6.0
-0.3526127081215007,-1.0060341387447105,0.6534214306232098,0.02,2.4,0.069,19.0,40.0,0.99387,0.66,12.6,6.0
-0.3015683718908482,-0.5228891161122092,0.22132074422136103,0.02,1.7,0.084,13.0,31.0,0.99538,0.54,10.5,6.0
-0.3015683718908482,-0.5228891161122092,0.22132074422136103,0.02,1.7,0.084,13.0,31.0,0.99538,0.54,10.5,6.0
-0.3015683718908482,-0.5228891161122092,0.22132074422136103,0.02,1.7,0.084,13.0,31.0,0.99538,0.54,10.5,6.0
-0.06269958314041274,-0.4692063358197093,0.40650675267929653,0.02,1.7,0.085,17.0,31.0,0.99589,0.51,10.4,6.0
-0.3015683718908482,-0.5228891161122092,0.22132074422136103,0.02,1.7,0.084,13.0,31.0,0.99538,0.54,10.5,6.0
-0.35788959624519695,-0.14710965406470883,-0.21077994218048812,0.24,2.3,0.063,10.0,28.0,0.99613,0.53,10.2,6.0
0.21639865157741445,-0.6839374569897094,0.9003361085671239,0.01,2.3,0.065,8.0,46.0,0.99332,0.51,11.8,6.0
-0.9027632883636763,-0.6302546766972096,-0.2725086116664666,0.24,2.5,0.078,27.0,67.0,0.99648,0.59,11.1,6.0
1.6833752769007313,1.678104875880295,0.00527040102043627,0.4,1.4,0.091,6.0,28.0,0.99704,0.65,10.0333333333333,6.0
1.6833752769007313,1.678104875880295,0.00527040102043627,0.4,1.4,0.091,6.0,28.0,0.99704,0.65,10.0333333333333,6.0
0.12380564734844668,-0.6839374569897094,0.8077431043381561,0.02,1.9,0.096,10.0,31.0,0.995,0.53,11.8,6.0
-0.4384790451879132,-0.8449857978672097,0.40650675267929653,0.3,2.2,0.088,9.0,105.0,0.99725,1.18,10.5,6.0
1.5717909362070919,-0.2544752146497087,1.8262661508568006,0.32,2.1,0.079,16.0,74.0,0.99656,0.5,9.8,6.0
0.13053231451100056,-0.5228891161122092,0.6534214306232098,0.56,3.1,0.153,5.0,14.0,0.99476,1.03,11.6,6.0
-1.6597296575903075,-1.7575930628397116,0.09786340524940403,0.26,2.3,0.09,23.0,74.0,0.9953,0.62,12.2,6.0
-0.8329887296842191,-0.6839374569897094,-0.14905127269450963,0.15,2.0,0.078,10.0,28.0,0.99609,0.51,9.9,6.0
0.06880364502502212,-0.5228891161122092,0.5916927611372313,0.02,2.6,0.077,11.0,35.0,0.99557,0.62,10.8,6.0
0.06880364502502212,-0.5228891161122092,0.5916927611372313,0.02,2.6,0.077,11.0,35.0,0.99557,0.62,10.8,6.0
-1.2302674152503068,-1.3281308204997109,0.09786340524940403,0.0,2.3,0.068,15.0,33.0,0.99292,0.59,12.5,6.0
1.3691939273312759,0.0676214671052918,1.3015724602259842,0.1,1.6,0.092,3.0,12.0,0.99745,0.65,9.55,6.0
-0.014424247979543003,-0.7913030175747098,0.7768787695951668,0.12,2.2,0.083,13.0,28.0,0.9966,0.62,10.2,7.0
0.525041999007307,-0.6839374569897094,1.2089794559970164,0.0,2.2,0.068,10.0,24.0,0.9956,0.72,11.1,6.0
-1.5441876508038956,-0.4692063358197093,-1.0749813149841865,0.42,2.0,0.052,6.0,24.0,0.9963,0.82,11.9,6.0
-1.5737327635159604,-0.6839374569897094,-0.8897953065262509,0.33,1.7,0.061,3.0,13.0,0.996,1.1,10.0,8.0
-0.09488313991432618,-0.2544752146497087,0.1595920747353825,0.39,2.6,0.082,12.0,46.0,0.9985,0.62,10.7,6.0
-1.613962209483352,-0.4155235555272089,-1.1984386539561431,0.3,2.0,0.062,18.0,34.0,0.9952,0.9,11.3,7.0
-1.5924629859647659,-0.14710965406470883,-1.445353331900057,0.34,5.1,0.062,8.0,22.0,0.9974,0.94,10.9,6.0
-1.10681007627835,-1.3281308204997109,0.22132074422136103,0.0,2.1,0.064,40.0,54.0,0.995,0.93,10.7,6.0
-1.3375024188273736,-0.20079243435720875,-1.136709984470165,0.36,2.2,0.048,35.0,53.0,0.995,1.01,12.4,7.0
-1.10681007627835,-1.3281308204997109,0.22132074422136103,0.0,2.1,0.064,40.0,54.0,0.995,0.93,10.7,6.0
1.9930767323456804,-1.0060341387447105,2.999110871090391,0.0,1.8,0.082,5.0,16.0,0.9936,0.44,11.9,6.0
-1.1389936330522632,-1.1133996993297102,-0.02559393372255298,0.4,2.4,0.071,8.0,19.0,0.9963,0.73,10.6,6.0
-1.5924629859647659,-0.14710965406470883,-1.445353331900057,0.34,5.1,0.062,8.0,22.0,0.9974,0.94,10.9,6.0
-1.458321313737482,-0.6302546766972096,-0.8280666370402724,0.33,2.5,0.064,21.0,37.0,0.9952,0.77,12.1,7.0
-0.38479626489541324,-0.7913030175747098,0.40650675267929653,0.0,2.1,0.079,39.0,55.0,0.9956,0.84,11.4,6.0
-1.415322866700308,-0.09342687377220796,-1.3218959929281,0.37,1.4,0.076,8.0,23.0,0.9974,0.7,9.6,6.0
-1.415322866700308,-0.09342687377220796,-1.3218959929281,0.37,1.4,0.076,8.0,23.0,0.9974,0.7,9.6,6.0
-1.9226055569132443,-0.4155235555272089,-1.5070820013860353,0.37,1.8,0.046,23.0,60.0,0.9971,0.71,12.1,6.0
-0.741714947486176,-0.4692063358197093,-0.2725086116664666,0.31,2.1,0.069,13.0,74.0,0.9958,0.54,9.9,6.0
-1.592593542972699,-1.3818136007922108,-0.21077994218048812,0.0,1.6,0.042,3.0,11.0,0.9944,0.85,11.7,6.0
-1.7321426603316126,-1.274448040207211,-0.45769462012440176,0.16,1.8,0.069,11.0,25.0,0.9955,0.74,10.1,7.0
1.33305270446459,0.9265459517852933,0.40650675267929653,0.37,15.4,0.214,55.0,95.0,1.00369,0.77,9.0,6.0
1.33305270446459,0.9265459517852933,0.40650675267929653,0.37,15.4,0.214,55.0,95.0,1.00369,0.77,9.0,6.0
0.5787247792998068,-0.6302546766972096,1.2089794559970164,0.02,2.2,0.072,31.0,92.0,0.99566,0.68,11.0666666666667,6.0
-1.3268180855720466,-0.6839374569897094,-0.6428806285823373,0.32,2.0,0.062,15.0,28.0,0.9947,0.73,11.3,7.0
1.342287258681059,-0.5765718964047092,1.9188591550857683,0.19,5.2,0.094,19.0,98.0,0.99713,0.52,9.56666666666667,6.0
0.5787247792998068,-0.6302546766972096,1.2089794559970164,0.02,2.2,0.072,31.0,92.0,0.99566,0.68,11.1,6.0
1.342287258681059,-0.5765718964047092,1.9188591550857683,0.19,5.2,0.094,19.0,98.0,0.99713,0.52,9.6,6.0
-1.2650894160860682,-0.6839374569897094,-0.5811519590963588,0.31,2.0,0.056,15.0,29.0,0.99472,0.76,11.3,8.0
-1.3268180855720466,-0.6839374569897094,-0.6428806285823373,0.32,2.0,0.062,15.0,28.0,0.9947,0.73,11.3,7.0
-1.3133647512469384,-0.361840775234709,-0.9515239760122295,0.44,2.7,0.104,8.0,17.0,0.99732,0.78,11.0,7.0
-0.3526127081215007,-1.0060341387447105,0.6534214306232098,0.02,2.0,0.062,37.0,53.0,0.99374,0.76,11.6,7.0
1.5827363834782853,1.731787656172795,-0.14905127269450963,0.63,2.2,0.073,7.0,23.0,0.99974,0.69,10.9,6.0
1.56902193513731,-1.0597169190372102,2.6287388541745202,0.0,1.6,0.052,9.0,17.0,0.99467,0.63,10.9,6.0
-0.9216240678204144,-1.3281308204997109,0.40650675267929653,0.06,1.8,0.05,38.0,89.0,0.99236,0.5,10.55,6.0
-2.0004260047861795,-0.3081579949422086,-1.6922680098439709,0.35,1.7,0.054,7.0,15.0,0.99458,0.8,11.9,7.0
-1.4476369804821552,-1.1133996993297102,-0.3342372811524451,0.09,2.3,0.054,34.0,64.0,0.99724,0.68,10.4,6.0
0.12512486937937073,-0.8986685781597101,1.0237934475390809,0.03,2.3,0.075,14.0,31.0,0.99545,0.58,10.4,6.0
0.11707898018589258,-0.8449857978672097,0.9620647780531023,0.01,2.4,0.076,14.0,39.0,0.99522,0.53,10.8,6.0
-0.5941199409337841,-0.6302546766972096,0.03613473576342552,0.32,2.1,0.062,31.0,54.0,0.99728,0.65,10.0,7.0
-0.5941199409337841,-0.6302546766972096,0.03613473576342552,0.32,2.1,0.062,31.0,54.0,0.99728,0.65,10.0,7.0
-1.2355443033740037,-0.4692063358197093,-0.7663379675542943,0.6,2.6,0.073,23.0,44.0,0.99656,0.79,11.1,6.0
-1.7295042162697647,-1.7039102825472117,-0.02559393372255298,0.11,2.2,0.048,16.0,89.0,0.99182,0.88,13.5666666666667,7.0
-1.7295042162697647,-1.7039102825472117,-0.02559393372255298,0.11,2.2,0.048,16.0,89.0,0.99182,0.88,13.6,7.0
-0.6290724987774792,-1.2207652599147105,0.5916927611372313,0.1,2.1,0.048,4.0,11.0,0.99448,0.76,10.8,6.0
-2.306430908154224,-0.7376202372822098,-1.5688106708720142,0.49,1.8,0.039,8.0,18.0,0.99344,0.56,12.4,6.0
-2.126652344827918,-1.1133996993297102,-1.013252645498208,0.09,1.4,0.066,15.0,28.0,0.99459,0.7,10.0,7.0
-1.0638116292411763,-0.7913030175747098,-0.2725086116664666,0.02,1.9,0.08,15.0,28.0,0.99492,0.81,10.6,6.0
0.7960943445316555,-0.8449857978672097,1.6410801423988652,0.03,2.3,0.054,7.0,16.0,0.99508,0.63,11.5,6.0
1.5918403806868207,-1.0060341387447105,2.597874519431531,0.04,2.3,0.068,7.0,13.0,0.99582,0.58,10.8,6.0
0.7960943445316555,-0.8449857978672097,1.6410801423988652,0.03,2.3,0.054,7.0,16.0,0.99508,0.63,11.5,6.0
-1.4315452020951986,-1.2207652599147105,-0.21077994218048812,0.39,2.5,0.077,6.0,14.0,0.99555,0.69,11.0,6.0
-1.1040410752085679,-0.5228891161122092,-0.5811519590963588,0.57,2.3,0.106,5.0,12.0,0.99605,0.55,11.4,6.0
1.1745122506410044,-0.8986685781597101,2.0731808288007145,0.05,2.0,0.07,6.0,14.0,0.99562,0.66,10.8,6.0
-1.1040410752085679,-0.5228891161122092,-0.5811519590963588,0.57,2.3,0.106,5.0,12.0,0.99605,0.55,11.4,6.0
-1.9977875607243314,-0.7376202372822098,-1.2601673234421216,0.6,2.1,0.074,17.0,25.0,0.99814,0.72,10.6,6.0
-1.8180089973980258,-1.1133996993297102,-0.7046092980683157,0.21,2.2,0.047,26.0,48.0,0.99661,0.77,9.7,6.0
0.8363237904990475,-1.1133996993297102,1.9497234898287576,0.04,2.2,0.061,11.0,17.0,0.99588,0.65,10.4,6.0
-0.5834356076784567,-1.1133996993297102,0.5299640916512535,0.15,1.8,0.078,17.0,65.0,0.99294,0.6,10.5,6.0
1.4133810393914399,-0.8449857978672097,2.2583668372586496,0.21,4.1,0.074,16.0,65.0,0.99842,0.72,9.23333333333333,6.0
1.4133810393914399,-0.8449857978672097,2.2583668372586496,0.21,4.1,0.074,16.0,65.0,0.99842,0.72,9.25,6.0
-0.7149388358438922,-1.0597169190372102,0.34477808319331804,0.06,2.0,0.063,29.0,44.0,0.99489,0.83,10.3,6.0
-0.7149388358438922,-1.0597169190372102,0.34477808319331804,0.06,2.0,0.063,29.0,44.0,0.99489,0.83,10.3,6.0
-1.6623681016521559,-1.3281308204997109,-0.3342372811524451,0.19,2.0,0.075,22.0,47.0,0.99522,0.78,10.0,6.0
-0.9242625118822632,-0.8986685781597101,-0.02559393372255298,0.08,2.2,0.064,18.0,38.0,0.99553,0.65,9.6,6.0
-0.3928421540888918,-0.7376202372822098,0.34477808319331804,0.07,1.7,0.071,15.0,24.0,0.9951,0.66,10.8,6.0
-1.4448679794123735,-0.3081579949422086,-1.136709984470165,0.49,2.2,0.096,21.0,59.0,0.99714,0.67,10.1,6.0
0.5948165576867628,-0.7376202372822098,1.3324367949689726,0.08,2.1,0.063,42.0,52.0,0.99608,0.6,10.2,6.0
-1.2168140809251986,-1.0060341387447105,-0.21077994218048812,0.09,2.2,0.063,9.0,18.0,0.99444,0.69,11.3,6.0
-0.3391593737963914,-0.6839374569897094,0.34477808319331804,0.13,2.0,0.058,18.0,22.0,0.99573,0.68,9.9,6.0
-0.476070047093457,-1.0060341387447105,0.5299640916512535,0.14,2.4,0.064,13.0,29.0,0.99397,0.62,11.7,7.0
-0.32306759540943475,-0.7913030175747098,0.46823542216527503,0.13,2.2,0.075,15.0,35.0,0.9959,0.59,9.7,6.0
-0.9296699570138929,-1.274448040207211,0.34477808319331804,0.08,1.9,0.077,24.0,45.0,0.99528,0.68,10.3,6.0
-0.9968060716315015,-1.6502275022547113,0.6534214306232098,0.08,1.9,0.059,20.0,31.0,0.99484,0.64,10.2,6.0
-0.937715846207371,-1.2207652599147105,0.2830494137073395,0.08,4.4,0.071,11.0,32.0,0.99646,0.63,11.6,6.0
-1.960196558818788,-0.5765718964047092,-1.3836246624140787,0.29,2.2,0.054,19.0,49.0,0.99666,0.76,10.9,7.0
1.3986084830354075,-0.95235135845221,2.3509598414876174,0.02,1.9,0.064,29.0,38.0,0.99472,0.56,10.75,6.0
1.1989110322373064,1.4096909744177946,-0.21077994218048812,0.42,2.2,0.064,14.0,19.0,0.99758,0.57,10.4,6.0
-0.6826247220620454,-0.03974409347970804,-0.6428806285823373,0.43,2.3,0.063,12.0,19.0,0.9955,0.81,11.2,7.0
-0.0976521409841079,-1.0597169190372102,0.9620647780531023,0.33,1.8,0.059,16.0,28.0,0.99531,0.64,10.1,6.0
-1.281181194473025,-0.5765718964047092,-0.7046092980683157,0.3,1.8,0.074,17.0,24.0,0.99419,0.7,11.4,8.0
0.10362564586078427,-1.1670824796222106,1.2707081254829948,0.01,3.7,0.103,32.0,54.0,0.99586,0.66,11.3,6.0
1.344925702742907,-1.0060341387447105,2.3509598414876174,0.02,2.4,0.062,15.0,23.0,0.99627,0.6,11.0,6.0
-0.2613389259234563,-0.7913030175747098,0.5299640916512535,0.17,1.7,0.065,15.0,24.0,0.99514,0.68,10.55,7.0
1.344925702742907,-1.0060341387447105,2.3509598414876174,0.02,2.4,0.062,15.0,23.0,0.99627,0.6,11.0,6.0
0.2566280975448064,-0.95235135845221,1.2089794559970164,0.02,1.9,0.061,26.0,42.0,0.99489,0.82,10.9,6.0
-2.8915340462400945,-0.95235135845221,-1.9391826877878844,0.64,2.1,0.059,24.0,52.0,0.99494,0.71,11.2,6.0
-0.9994445156933495,-1.2207652599147105,0.22132074422136103,0.14,1.9,0.056,15.0,34.0,0.99396,0.57,11.5,6.0
-1.8180089973980258,-1.1133996993297102,-0.7046092980683157,0.53,2.2,0.23,19.0,35.0,0.9934,0.93,12.4,6.0
-1.694551658426069,-1.1133996993297102,-0.5811519590963588,0.14,2.2,0.038,15.0,25.0,0.99514,0.65,11.1,6.0
-0.6747093898765011,-1.3281308204997109,0.6534214306232098,0.2,2.4,0.075,15.0,50.0,0.99467,0.67,12.5,6.0
-2.5561145871679196,-1.5428619416697116,-1.013252645498208,0.78,13.9,0.074,23.0,92.0,0.99677,0.48,10.5,6.0
-0.23983970240486974,-0.5228891161122092,0.2830494137073395,0.4,2.2,0.06,12.0,20.0,0.99474,0.64,11.8,6.0
-1.3294565296338952,-0.2544752146497087,-1.0749813149841865,0.63,1.6,0.081,16.0,29.0,0.99588,0.78,10.8,6.0
0.17340020454024052,-1.2207652599147105,1.394165464454951,0.15,5.1,0.076,13.0,27.0,0.99622,0.6,11.9,6.0
0.31031087783730626,-0.8986685781597101,1.2089794559970164,0.15,1.8,0.118,13.0,20.0,0.9954,0.67,11.3,6.0
-1.3429098639590036,-0.5765718964047092,-0.7663379675542943,0.33,2.4,0.068,9.0,26.0,0.9947,0.6,11.9,6.0
-1.9038753344644395,-0.95235135845221,-0.9515239760122295,0.44,2.4,0.061,24.0,34.0,0.99484,0.8,11.6,7.0
-1.2033607466000897,-0.6839374569897094,-0.5194232896103803,0.44,2.6,0.066,22.0,48.0,0.99494,0.84,11.5,6.0
-1.5361417616104172,-0.5228891161122092,-1.013252645498208,0.41,2.4,0.065,34.0,60.0,0.99492,0.85,11.4,6.0
-0.5968889420035659,-1.4354963810847112,0.8386074390811453,0.11,1.8,0.066,18.0,28.0,0.99483,0.66,10.9,6.0
0.4633133295213283,-0.6839374569897094,1.1472507865110377,0.33,2.5,0.068,34.0,102.0,0.99414,0.78,12.8,6.0
-0.6988470574569355,-1.1670824796222106,0.46823542216527503,0.15,1.8,0.077,26.0,35.0,0.99314,0.82,11.6,6.0
-0.009147359855846027,-1.6502275022547113,1.6410801423988652,0.09,1.7,0.089,16.0,26.0,0.99402,0.56,11.6,6.0
-0.9457617354008495,-1.1670824796222106,0.22132074422136103,0.13,2.3,0.076,29.0,40.0,0.99574,0.75,11.0,6.0
0.001667530407413742,-0.8986685781597101,0.9003361085671239,0.08,1.9,0.068,28.0,38.0,0.99651,0.82,9.5,6.0
-0.9135781786269358,-1.3818136007922108,0.46823542216527503,0.1,2.2,0.062,39.0,51.0,0.99512,0.76,11.2,6.0
-0.9457617354008495,-1.1670824796222106,0.22132074422136103,0.13,2.3,0.076,29.0,40.0,0.99574,0.75,11.0,6.0
-2.341383465997919,-1.3281308204997109,-1.013252645498208,0.47,3.6,0.067,18.0,42.0,0.99549,0.66,11.0,6.0
